order_id,customer_id,customer_name,product,category,quantity,unit_price,discount_percent,payment_method,city,state,order_date,order_status
100331,C0005,sakshi joshi,football,sports,2,670,30,credit card,bengaluru,karnataka,2025-06-06,cancelled
100333,C0263,siddharth kulkarni,programming book,books,4,670,0,net banking,pune,maharashtra,2025-05-08,delivered
100506,C0228,diya tripathi,competitive exam guide,books,6,610,12,upi,coimbatore,tamil nadu,2025-06-02,delivered
100931,C0204,pranav reddy,dining table,furniture,10,37710,30,credit card,pune,maharashtra,2025-12-25,cancelled
100168,C0179,sai sharma,office chair,furniture,4,6820,35,cash on delivery,coimbatore,tamil nadu,2026-06-04,processing
100473,C0195,tanvi gupta,badminton racket,sports,2,840,35,debit card,kolkata,west bengal,2026-03-24,shipped
100532,C0149,manish pillai,shampoo,beauty,4,770,12,cash on delivery,delhi,delhi,2026-04-30,delivered
100011,C0021,keerthi tripathi,programming book,books,3,1140,35,net banking,delhi,delhi,2026-07-27,delivered
100064,C0276,ananya agarwal,microwave oven,home appliances,3,16610,0,upi,hyderabad,telangana,2025-05-15,delivered
100176,C0138,pranav joshi,electric kettle,home appliances,2,2170,35,net banking,vijayawada,andhra pradesh,2026-08-23,delivered
100307,C0189,siddharth shetty,atta 10kg,grocery,7,720,10,debit card,coimbatore,tamil nadu,2025-12-25,cancelled
100414,C0097,aditya chopra,programming book,books,10,1170,12,credit card,bengaluru,karnataka,2025-05-06,delivered
100680,C0244,shreya rao,tea 1kg,grocery,6,780,5,debit card,mumbai,maharashtra,2026-05-05,returned
100018,C0087,akash kulkarni,jacket,clothing,10,4310,25,debit card,bengaluru,karnataka,2026-08-17,processing
100060,C0246,lakshmi agarwal,sofa,furniture,1,50800,10,credit card,chennai,tamil nadu,2026-01-18,delivered
100275,C0032,anjali kumar,dumbbell set,sports,1,7290,12,net banking,vijayawada,andhra pradesh,2025-03-05,delivered
100332,C0218,rohan pandey,hair serum,beauty,6,450,12,upi,bengaluru,karnataka,2025-12-06,cancelled
100667,C0191,aman naidu,smartphone,electronics,3,29520,12,cash on delivery,delhi,delhi,2026-03-04,cancelled
100865,C0155,sneha sharma,saree,clothing,3,7070,12,credit card,mumbai,maharashtra,2026-02-01,delivered
100883,C0345,keerthi yadav,monitor,electronics,8,16920,12,cash on delivery,jaipur,rajasthan,2026-08-19,cancelled
100101,C0248,nandini das,dumbbell set,sports,10,7430,35,cash on delivery,vijayawada,andhra pradesh,2026-09-12,delivered
100375,C0027,harsh jain,basmati rice 5kg,grocery,0,460,10,debit card,mumbai,maharashtra,2025-05-03,shipped
100525,C0057,swathi yadav,novel,books,8,760,20,cash on delivery,chennai,tamil nadu,2025-12-29,delivered
100928,C0106,aman rao,mechanical keyboard,electronics,2,2430,12,credit card,bengaluru,karnataka,2025-05-19,delivered
100982,C0098,sai kumar,novel,books,10,260,35,net banking,lucknow,uttar pradesh,2026-06-02,returned
100130,C0264,siddharth mishra,perfume,beauty,8,4250,25,upi,lucknow,uttar pradesh,2026-08-03,shipped
100202,C0100,riya reddy,hair serum,beauty,7,650,25,cash on delivery,coimbatore,tamil nadu,2026-02-12,delivered
100610,C0158,deepak pandey,shampoo,beauty,6,380,35,net banking,vijayawada,andhra pradesh,2026-03-16,shipped
100619,C0036,aarav singh,running shoes,sports,1,3690,12,net banking,vijayawada,andhra pradesh,2026-01-09,shipped
100793,C0109,ananya joshi,dining table,furniture,3,40530,0,net banking,hyderabad,telangana,2026-03-27,delivered
100829,C0036,aarav singh,coffee 500g,grocery,10,790,0,net banking,jaipur,rajasthan,2025-05-01,delivered
100849,C0276,ananya agarwal,cricket bat,sports,10,1850,10,net banking,jaipur,rajasthan,2025-01-30,delivered
100907,C0075,swathi tripathi,t-shirt,clothing,4,880,0,cash on delivery,vijayawada,andhra pradesh,2026-01-23,shipped
100207,C0197,lakshmi das,competitive exam guide,books,8,480,15,credit card,delhi,delhi,2026-01-28,delivered
100585,C0217,meera pandey,data science handbook,books,3,1110,30,cash on delivery,vijayawada,andhra pradesh,2026-05-27,delivered
100623,C0182,sakshi naidu,tea 1kg,grocery,2,410,0,credit card,bengaluru,karnataka,2025-10-31,processing
100010,C0113,neha sharma,kurta,clothing,4,860,25,upi,lucknow,uttar pradesh,2026-08-24,processing
100589,C0220,vivaan pillai,sofa,furniture,5,34590,5,cash on delivery,lucknow,uttar pradesh,2026-05-31,delivered
100612,C0091,siddharth joshi,shampoo,beauty,1,620,10,net banking,kolkata,west bengal,2025-11-20,returned
100628,C0020,aarav patel,sports shoes,clothing,1,3360,30,debit card,mumbai,maharashtra,2026-05-04,delivered
100887,C0157,harsh iyer,yoga mat,sports,9,1260,20,credit card,lucknow,uttar pradesh,2025-05-02,delivered
100252,C0149,manish pillai,programming book,books,10,920,10,net banking,kolkata,west bengal,2026-01-06,delivered
100374,C0099,arjun pandey,electric kettle,home appliances,9,930,40,net banking,vijayawada,andhra pradesh,2026-01-09,delivered
100483,C0096,manish gupta,cooking oil 5l,grocery,3,620,0,credit card,bengaluru,karnataka,2026-09-06,delivered
100531,C0005,sakshi joshi,jacket,clothing,8,6940,15,cash on delivery,vijayawada,andhra pradesh,2026-06-08,shipped
100616,C0192,divya sharma,t-shirt,clothing,7,1530,15,cash on delivery,chennai,tamil nadu,2025-03-22,delivered
100721,C0162,siddharth kapoor,business book,books,6,1100,10,net banking,pune,maharashtra,2026-04-19,delivered
100185,C0308,diya patel,cooking oil 5l,grocery,5,640,20,cash on delivery,vijayawada,andhra pradesh,2026-03-05,delivered
100509,C0011,riya chaudhary,running shoes,sports,10,4590,40,debit card,pune,maharashtra,2026-04-19,delivered
100836,C0276,ananya agarwal,cooking oil 5l,grocery,3,710,20,net banking,coimbatore,tamil nadu,2026-08-29,delivered
100985,C0089,siddharth iyer,kurta,clothing,2,840,35,cash on delivery,delhi,delhi,2025-09-19,delivered
100201,C0291,varun pillai,ceiling fan,home appliances,3,3170,25,net banking,mumbai,maharashtra,2025-08-28,cancelled
100204,C0156,nandini bose,yoga mat,sports,5,620,15,cash on delivery,jaipur,rajasthan,2025-01-21,delivered
100366,C0062,lakshmi pillai,competitive exam guide,books,1,850,15,credit card,hyderabad,telangana,2026-07-14,delivered
100656,C0225,sanjay das,face wash,beauty,1,210,30,net banking,jaipur,rajasthan,2025-05-19,delivered
100179,C0047,sneha mishra,tea 1kg,grocery,3,600,35,credit card,jaipur,rajasthan,2025-01-23,delivered
100228,C0271,deepak shetty,novel,books,1,750,0,net banking,chennai,tamil nadu,2025-11-01,processing
100243,C0007,sai mishra,dining table,furniture,7,33330,40,upi,pune,maharashtra,2026-04-27,cancelled
100270,C0173,nandini patel,shampoo,beauty,2,720,15,upi,hyderabad,telangana,2025-10-05,delivered
100687,C0192,divya sharma,football,sports,3,1080,10,debit card,coimbatore,tamil nadu,2026-04-20,returned
100852,C0076,neha reddy,basmati rice 5kg,grocery,4,730,12,credit card,vijayawada,andhra pradesh,2025-02-19,delivered
100511,C0142,aarav chopra,tea 1kg,grocery,1,390,10,cash on delivery,hyderabad,telangana,2026-06-01,delivered
100209,C0231,varun kumar,business book,books,3,560,10,net banking,mumbai,maharashtra,2025-07-21,delivered
100258,C0264,siddharth mishra,laptop,electronics,2,65940,12,credit card,pune,maharashtra,2025-02-17,delivered
100450,C0189,siddharth shetty,sofa,furniture,7,12850,20,credit card,jaipur,rajasthan,2025-06-04,delivered
100775,C0192,divya sharma,bookshelf,furniture,2,10040,40,upi,kolkata,west bengal,2026-04-22,shipped
100918,C0095,abhinav malhotra,mixer grinder,home appliances,6,4870,35,debit card,kolkata,west bengal,2025-12-11,delivered
100081,C0145,shreya saxena,monitor,electronics,1,18960,35,credit card,mumbai,maharashtra,2026-04-22,delivered
100158,C0337,nikhil joshi,dining table,furniture,1,32910,40,credit card,vijayawada,andhra pradesh,2026-07-29,shipped
100402,C0205,abhinav rao,bluetooth speaker,electronics,1,4910,0,net banking,chennai,tamil nadu,2025-11-15,shipped
100485,C0057,swathi yadav,ceiling fan,home appliances,2,2640,30,net banking,vijayawada,andhra pradesh,2025-05-28,delivered
100491,C0285,sanjay verma,laptop,electronics,10,45130,5,cash on delivery,kolkata,west bengal,2026-08-03,shipped
100518,C0072,arjun sharma,biography,books,3,350,5,net banking,pune,maharashtra,2025-04-20,shipped
100030,C0303,nandini agarwal,sports bottle,sports,7,360,0,cash on delivery,pune,maharashtra,2025-11-10,delivered
100054,C0057,swathi yadav,shampoo,beauty,1,820,12,cash on delivery,lucknow,uttar pradesh,2025-11-08,delivered
100067,C0304,akash yadav,football,sports,1,1530,20,net banking,delhi,delhi,2025-10-05,delivered
100725,C0216,lakshmi das,mechanical keyboard,electronics,8,4730,40,cash on delivery,lucknow,uttar pradesh,2025-01-26,shipped
100914,C0321,pranav sharma,makeup kit,beauty,6,4870,30,net banking,chennai,tamil nadu,2026-07-05,delivered
100045,C0346,nandini mehta,wireless mouse,electronics,7,1260,35,upi,pune,maharashtra,2026-04-03,delivered
100516,C0196,divya gupta,air fryer,home appliances,2,4320,0,upi,coimbatore,tamil nadu,2025-08-18,delivered
100666,C0079,neha pandey,coffee 500g,grocery,9,740,25,cash on delivery,jaipur,rajasthan,2026-07-12,delivered
100040,C0295,lakshmi pillai,perfume,beauty,6,1010,15,debit card,lucknow,uttar pradesh,2025-10-17,delivered
100803,C0343,pooja jain,programming book,books,7,630,20,cash on delivery,chennai,tamil nadu,2026-04-02,shipped
100812,C0085,aarav agarwal,hair serum,beauty,7,670,20,upi,chennai,tamil nadu,2025-07-20,delivered
100152,C0090,abhinav pillai,ceiling fan,home appliances,10,3450,35,cash on delivery,chennai,tamil nadu,2026-02-27,delivered
100927,C0275,aditya mehta,shampoo,beauty,1,780,40,credit card,delhi,delhi,2026-05-27,cancelled
100037,C0321,pranav sharma,cricket bat,sports,5,2290,40,net banking,mumbai,maharashtra,2026-08-15,returned
100268,C0315,meera malhotra,sunscreen,beauty,9,920,12,cash on delivery,coimbatore,tamil nadu,2026-05-06,shipped
100269,C0157,harsh iyer,yoga mat,sports,6,1400,10,cash on delivery,mumbai,maharashtra,2025-02-23,delivered
100003,C0348,keerthi rao,hoodie,clothing,6,3080,12,upi,pune,maharashtra,2025-05-06,shipped
100134,C0270,pranav iyer,study table,furniture,9,4260,40,debit card,bengaluru,karnataka,2025-08-11,delivered
100372,C0197,lakshmi das,shampoo,beauty,9,490,15,cash on delivery,bengaluru,karnataka,2025-04-28,returned
100427,C0192,divya sharma,football,sports,10,1020,10,net banking,jaipur,rajasthan,2025-03-06,delivered
100544,C0321,pranav sharma,microwave oven,home appliances,7,10840,35,net banking,lucknow,uttar pradesh,2026-02-04,shipped
100798,C0090,abhinav pillai,mechanical keyboard,electronics,4,3610,0,debit card,kolkata,west bengal,2026-04-09,delivered
100219,C0145,shreya saxena,moisturizer,beauty,5,690,15,net banking,jaipur,rajasthan,2025-08-25,delivered
100287,C0310,sakshi bose,basmati rice 5kg,grocery,10,580,20,cash on delivery,vijayawada,andhra pradesh,2026-03-26,cancelled
100305,C0199,pooja reddy,cooking oil 5l,grocery,5,840,40,net banking,delhi,delhi,2025-06-16,delivered
100970,C0175,diya naidu,study table,furniture,9,14390,30,upi,bengaluru,karnataka,2025-05-02,delivered
100540,C0206,harsh pillai,ceiling fan,home appliances,2,2600,15,net banking,chennai,tamil nadu,2025-02-10,returned
100781,C0190,harsh patel,dry fruits pack,grocery,3,1270,20,credit card,lucknow,uttar pradesh,2025-03-24,delivered
100070,C0263,siddharth kulkarni,sofa,furniture,4,28910,25,debit card,mumbai,maharashtra,2025-01-29,delivered
100197,C0280,akash singh,monitor,electronics,8,22630,10,credit card,lucknow,uttar pradesh,2025-02-19,shipped
100343,C0036,aarav singh,running shoes,sports,6,4140,0,debit card,kolkata,west bengal,2025-10-22,processing
100910,C0113,neha sharma,coffee 500g,grocery,7,820,0,upi,coimbatore,tamil nadu,2025-02-07,processing
100115,C0069,sai malhotra,badminton racket,sports,7,3900,35,upi,coimbatore,tamil nadu,2025-01-12,processing
100225,C0229,keerthi tripathi,sunscreen,beauty,5,500,40,credit card,mumbai,maharashtra,2025-03-08,processing
100484,C0206,harsh pillai,usb-c hub,electronics,2,2350,30,cash on delivery,vijayawada,andhra pradesh,2026-07-01,processing
100731,C0081,abhinav gupta,sofa,furniture,1,34850,35,debit card,delhi,delhi,2025-09-15,delivered
100542,C0169,priya singh,spice combo,grocery,3,380,5,credit card,mumbai,maharashtra,2025-04-16,processing
100558,C0308,diya patel,cricket bat,sports,10,4150,15,credit card,mumbai,maharashtra,2025-01-04,cancelled
100626,C0230,siddharth iyer,atta 10kg,grocery,8,440,15,upi,vijayawada,andhra pradesh,2025-03-06,delivered
100141,C0046,vikram iyer,face wash,beauty,6,480,30,credit card,mumbai,maharashtra,2026-06-25,processing
100215,C0210,neha agarwal,badminton racket,sports,1,830,40,credit card,bengaluru,karnataka,2025-01-11,shipped
100260,C0135,anjali kapoor,atta 10kg,grocery,1,510,0,debit card,hyderabad,telangana,2026-07-28,delivered
100279,C0259,aditi agarwal,office chair,furniture,5,11290,12,cash on delivery,kolkata,west bengal,2025-07-28,delivered
100462,C0131,neha singh,jacket,clothing,10,4620,12,credit card,lucknow,uttar pradesh,2025-03-02,processing
100607,C0120,varun shetty,induction cooktop,home appliances,3,4250,35,credit card,hyderabad,telangana,2026-07-24,shipped
100691,C0319,sanjay gupta,sofa,furniture,3,51360,20,net banking,kolkata,west bengal,2025-07-20,processing
100899,C0140,sneha sharma,dining table,furniture,6,10550,0,upi,pune,maharashtra,2025-11-11,processing
100112,C0111,nandini sharma,bookshelf,furniture,2,9780,15,cash on delivery,chennai,tamil nadu,2025-02-04,delivered
100507,C0325,keerthi sharma,spice combo,grocery,5,400,35,cash on delivery,bengaluru,karnataka,2026-06-23,cancelled
100602,C0337,nikhil joshi,sports shoes,clothing,2,5680,0,cash on delivery,chennai,tamil nadu,2026-01-24,shipped
100765,C0094,sai patel,formal shirt,clothing,6,2450,0,cash on delivery,pune,maharashtra,2025-09-18,delivered
100331,C0137,riya kapoor,jacket,clothing,4,1860,20,net banking,kolkata,west bengal,2025-02-20,delivered
100009,C0320,lakshmi rao,data science handbook,books,2,680,30,debit card,vijayawada,andhra pradesh,2025-09-04,delivered
100038,C0196,divya gupta,wireless mouse,electronics,10,910,10,credit card,hyderabad,telangana,2025-04-21,delivered
100151,C0150,vivaan nair,mixer grinder,home appliances,8,5860,12,net banking,vijayawada,andhra pradesh,2025-10-14,delivered
100200,C0046,vikram iyer,perfume,beauty,8,1890,40,upi,vijayawada,andhra pradesh,2025-10-05,shipped
100299,C0106,aman rao,monitor,electronics,3,18470,0,debit card,hyderabad,telangana,2025-09-14,delivered
100449,C0194,tanvi verma,business book,books,5,1100,10,upi,jaipur,rajasthan,2025-10-15,processing
100906,C0139,tanvi naidu,mixer grinder,home appliances,6,4400,30,upi,hyderabad,telangana,2026-03-02,returned
100915,C0284,nikhil yadav,saree,clothing,4,3640,30,net banking,pune,maharashtra,2025-10-02,delivered
100940,C0349,tanvi reddy,vacuum cleaner,home appliances,9,12420,40,cash on delivery,coimbatore,tamil nadu,2026-08-29,returned
100077,C0183,sakshi joshi,hoodie,clothing,5,2470,20,credit card,chennai,tamil nadu,2026-03-30,shipped
100471,C0171,vivaan naidu,business book,books,7,1010,0,upi,hyderabad,telangana,2026-03-12,delivered
100530,C0140,sneha sharma,competitive exam guide,books,7,950,5,cash on delivery,pune,maharashtra,2026-06-09,delivered
100868,C0240,meera yadav,dry fruits pack,grocery,7,1300,5,debit card,bengaluru,karnataka,2025-04-21,shipped
100715,C0350,kavya bose,business book,books,7,780,35,credit card,pune,maharashtra,2026-04-10,delivered
100329,C0151,varun verma,bedside table,furniture,9,3530,20,net banking,vijayawada,andhra pradesh,2025-04-08,delivered
100337,C0058,swathi mishra,tea 1kg,grocery,4,470,12,cash on delivery,lucknow,uttar pradesh,2025-05-24,cancelled
100729,C0176,meera joshi,spice combo,grocery,7,640,12,debit card,vijayawada,andhra pradesh,2025-10-20,delivered
100734,C0061,arjun nair,jeans,clothing,3,2720,20,credit card,jaipur,rajasthan,2026-04-28,processing
100853,C0043,pranav menon,hoodie,clothing,6,2820,20,credit card,mumbai,maharashtra,2026-01-29,shipped
100049,C0175,diya naidu,running shoes,sports,1,6530,5,net banking,jaipur,rajasthan,2025-07-25,processing
100433,C0196,divya gupta,laptop,electronics,3,65930,15,cash on delivery,delhi,delhi,2025-12-15,shipped
100794,C0268,keerthi iyer,cooking oil 5l,grocery,10,940,30,credit card,chennai,tamil nadu,2026-07-06,delivered
100813,C0083,ananya singh,t-shirt,clothing,6,1320,12,debit card,pune,maharashtra,2025-06-29,shipped
100819,C0286,rahul naidu,dumbbell set,sports,3,4290,35,debit card,coimbatore,tamil nadu,2025-10-17,shipped
100041,C0113,neha sharma,study table,furniture,6,7530,10,credit card,delhi,delhi,2025-07-17,delivered
100084,C0280,akash singh,microwave oven,home appliances,8,10660,30,net banking,kolkata,west bengal,2025-04-21,delivered
100169,C0124,tanvi chaudhary,biography,books,3,810,10,credit card,kolkata,west bengal,2025-08-19,shipped
100330,C0133,vikram reddy,yoga mat,sports,2,1890,25,cash on delivery,mumbai,maharashtra,2025-10-25,delivered
100364,C0154,kavya reddy,electric kettle,home appliances,10,980,40,debit card,coimbatore,tamil nadu,2025-11-07,delivered
100669,C0225,sanjay das,bedside table,furniture,6,3690,20,net banking,bengaluru,karnataka,2026-02-25,delivered
100841,C0315,meera malhotra,running shoes,sports,9,2010,5,upi,bengaluru,karnataka,2025-04-19,delivered
100175,C0060,arjun patel,face wash,beauty,4,680,20,cash on delivery,hyderabad,telangana,2026-02-26,delivered
100460,C0131,neha singh,moisturizer,beauty,4,600,10,net banking,mumbai,maharashtra,2026-05-30,delivered
100736,C0266,divya chopra,sports bottle,sports,2,500,15,credit card,delhi,delhi,2025-02-24,delivered
100878,C0112,aditya rao,mixer grinder,home appliances,5,3910,25,credit card,delhi,delhi,2026-05-18,delivered
100943,C0096,manish gupta,face wash,beauty,10,480,0,cash on delivery,mumbai,maharashtra,2025-02-12,delivered
100953,C0173,nandini patel,power bank,electronics,1,3370,10,upi,mumbai,maharashtra,2026-07-10,shipped
100975,C0298,ananya iyer,perfume,beauty,8,4050,40,credit card,coimbatore,tamil nadu,2025-09-04,shipped
100247,C0074,ananya reddy,bedside table,furniture,2,4470,25,upi,pune,maharashtra,2025-08-24,shipped
100882,C0068,vikram yadav,yoga mat,sports,4,770,5,debit card,chennai,tamil nadu,2025-04-26,delivered
100578,C0339,deepak malhotra,dry fruits pack,grocery,1,1180,35,net banking,bengaluru,karnataka,2025-12-16,cancelled
100700,C0295,lakshmi pillai,running shoes,sports,3,5350,5,credit card,delhi,delhi,2026-03-22,shipped
100777,C0024,kavya malhotra,moisturizer,beauty,8,1020,5,credit card,jaipur,rajasthan,2026-06-30,delivered
100810,C0054,neha shetty,competitive exam guide,books,5,740,0,net banking,vijayawada,andhra pradesh,2025-10-19,delivered
100412,C0202,neha pandey,bedside table,furniture,7,5030,35,cash on delivery,vijayawada,andhra pradesh,2025-11-29,delivered
100012,C0315,meera malhotra,basmati rice 5kg,grocery,1,640,5,net banking,vijayawada,andhra pradesh,2026-09-18,delivered
100291,C0269,nikhil rao,bedside table,furniture,2,4430,10,cash on delivery,hyderabad,telangana,2026-07-04,delivered
100326,C0249,priya patel,laptop,electronics,10,44920,10,cash on delivery,coimbatore,tamil nadu,2025-03-20,processing
100422,C0185,sai patel,monitor,electronics,9,19940,40,credit card,pune,maharashtra,2025-11-06,processing
100636,C0132,vikram menon,novel,books,2,400,20,credit card,pune,maharashtra,2026-08-30,shipped
100800,C0228,diya tripathi,yoga mat,sports,5,720,5,net banking,chennai,tamil nadu,2026-08-11,processing
100842,C0253,karthik mehta,sugar 5kg,grocery,8,330,20,debit card,vijayawada,andhra pradesh,2025-11-28,shipped
100350,C0348,keerthi rao,competitive exam guide,books,3,360,0,credit card,hyderabad,telangana,2025-10-17,delivered
100681,C0215,sai naidu,bluetooth speaker,electronics,3,7740,5,net banking,delhi,delhi,2025-11-20,processing
100886,C0124,tanvi chaudhary,shampoo,beauty,10,720,12,cash on delivery,jaipur,rajasthan,2025-12-14,delivered
100912,C0266,divya chopra,mechanical keyboard,electronics,9,3880,10,cash on delivery,vijayawada,andhra pradesh,2026-04-10,processing
100131,C0045,harsh singh,moisturizer,beauty,2,920,15,upi,jaipur,rajasthan,2025-09-29,delivered
100166,C0219,rahul jain,saree,clothing,2,2870,25,credit card,kolkata,west bengal,2025-05-31,shipped
100323,C0055,aman shetty,jacket,clothing,6,6320,10,debit card,coimbatore,tamil nadu,2026-02-28,shipped
100377,C0160,aarav nair,induction cooktop,home appliances,9,2190,30,cash on delivery,coimbatore,tamil nadu,2025-10-17,processing
100416,C0033,diya agarwal,sunscreen,beauty,6,1030,30,net banking,pune,maharashtra,2026-09-06,cancelled
100425,C0264,siddharth mishra,smartphone,electronics,4,24760,40,upi,lucknow,uttar pradesh,2025-08-15,processing
100595,C0291,varun pillai,study table,furniture,4,19190,40,cash on delivery,coimbatore,tamil nadu,2025-05-09,processing
100894,C0026,neha chaudhary,shampoo,beauty,8,590,35,net banking,vijayawada,andhra pradesh,2025-04-12,delivered
100231,C0269,nikhil rao,cooking oil 5l,grocery,2,790,25,debit card,coimbatore,tamil nadu,2026-04-05,delivered
100253,C0292,riya naidu,yoga mat,sports,3,1270,20,cash on delivery,delhi,delhi,2025-12-30,delivered
100396,C0247,neha chaudhary,power bank,electronics,9,860,0,net banking,chennai,tamil nadu,2025-12-27,delivered
100672,C0018,ananya yadav,office chair,furniture,3,17120,35,debit card,mumbai,maharashtra,2025-10-25,delivered
100682,C0304,akash yadav,t-shirt,clothing,5,530,25,cash on delivery,chennai,tamil nadu,2025-12-03,delivered
100934,C0326,rohan mishra,microwave oven,home appliances,9,7780,30,upi,jaipur,rajasthan,2026-03-19,shipped
100393,C0296,arjun shetty,kurta,clothing,8,2420,20,cash on delivery,chennai,tamil nadu,2025-07-09,delivered
100597,C0281,kavya tripathi,face wash,beauty,10,330,15,credit card,pune,maharashtra,2025-11-06,delivered
100305,C0076,neha reddy,office chair,furniture,2,15390,5,net banking,jaipur,rajasthan,2025-12-29,delivered
100073,C0066,pranav patel,kurta,clothing,3,1970,0,cash on delivery,hyderabad,telangana,2026-08-01,delivered
100150,C0088,shreya das,monitor,electronics,4,21160,15,upi,delhi,delhi,2025-06-15,delivered
100154,C0180,arjun agarwal,novel,books,5,600,25,debit card,coimbatore,tamil nadu,2025-04-27,delivered
100732,C0171,vivaan naidu,monitor,electronics,6,25370,0,net banking,kolkata,west bengal,2025-02-25,delivered
100281,C0121,arjun patel,coffee 500g,grocery,5,480,5,cash on delivery,vijayawada,andhra pradesh,2025-01-29,shipped
100405,C0144,priya bose,bedside table,furniture,7,5960,35,debit card,mumbai,maharashtra,2025-02-20,processing
100967,C0220,vivaan pillai,biography,books,7,380,25,cash on delivery,delhi,delhi,2025-05-16,processing
100766,C0011,riya chaudhary,smartphone,electronics,2,65890,35,credit card,vijayawada,andhra pradesh,2026-09-11,delivered
100979,C0081,abhinav gupta,office chair,furniture,2,7680,15,credit card,chennai,tamil nadu,2026-05-11,shipped
100004,C0051,tanvi sharma,running shoes,sports,6,2260,35,net banking,lucknow,uttar pradesh,2026-07-31,cancelled
100400,C0276,ananya agarwal,sports bottle,sports,10,540,20,cash on delivery,mumbai,maharashtra,2025-05-06,cancelled
100939,C0209,nandini sharma,smartphone,electronics,3,51150,10,cash on delivery,vijayawada,andhra pradesh,2026-04-21,delivered
100058,C0194,tanvi verma,power bank,electronics,2,1780,0,net banking,jaipur,rajasthan,2026-04-01,delivered
100274,C0076,neha reddy,ceiling fan,home appliances,4,4570,10,cash on delivery,vijayawada,andhra pradesh,2026-07-23,shipped
100456,C0284,nikhil yadav,dumbbell set,sports,2,4010,30,credit card,delhi,delhi,2025-03-15,delivered
100501,C0226,priya bose,badminton racket,sports,0,880,35,cash on delivery,pune,maharashtra,2025-10-29,delivered
100122,C0188,ananya sharma,sugar 5kg,grocery,6,340,10,debit card,vijayawada,andhra pradesh,2026-06-28,shipped
100137,C0325,keerthi sharma,vacuum cleaner,home appliances,10,13930,40,debit card,delhi,delhi,2025-02-20,cancelled
100467,C0240,meera yadav,sofa,furniture,1,34500,0,net banking,pune,maharashtra,2026-04-29,shipped
100666,C0305,keerthi singh,power bank,electronics,1,1750,35,debit card,jaipur,rajasthan,2025-04-15,delivered
100614,C0118,swathi agarwal,dining table,furniture,10,12170,5,cash on delivery,chennai,tamil nadu,2026-01-02,delivered
100855,C0089,siddharth iyer,tea 1kg,grocery,2,390,12,cash on delivery,kolkata,west bengal,2025-08-21,cancelled
100955,C0300,meera reddy,mixer grinder,home appliances,10,5970,30,cash on delivery,bengaluru,karnataka,2025-07-21,delivered
100047,C0016,neha patel,biography,books,5,890,35,upi,lucknow,uttar pradesh,2026-09-11,cancelled
100148,C0120,varun shetty,sports bottle,sports,2,680,40,credit card,pune,maharashtra,2026-03-14,delivered
100353,C0047,sneha mishra,office chair,furniture,9,13030,20,upi,hyderabad,telangana,2025-11-28,delivered
100727,C0301,abhinav pandey,smartphone,electronics,1,56060,35,upi,bengaluru,karnataka,2025-03-25,delivered
100870,C0021,keerthi tripathi,yoga mat,sports,2,1460,0,debit card,hyderabad,telangana,2025-09-05,processing
100102,C0032,anjali kumar,atta 10kg,grocery,7,0,40,credit card,mumbai,maharashtra,2025-03-02,processing
100360,C0303,nandini agarwal,jeans,clothing,6,1920,40,net banking,coimbatore,tamil nadu,2026-02-17,cancelled
100415,C0306,nandini shetty,bookshelf,furniture,7,11460,12,credit card,chennai,tamil nadu,2025-08-03,cancelled
100475,C0226,priya bose,usb-c hub,electronics,9,4440,0,debit card,pune,maharashtra,2026-02-09,delivered
100424,C0158,deepak pandey,football,sports,1,1780,40,upi,bengaluru,karnataka,2026-01-06,delivered
100658,C0118,swathi agarwal,kurta,clothing,10,1220,15,upi,pune,maharashtra,2025-01-12,delivered
100908,C0239,pooja sharma,air fryer,home appliances,2,4110,30,net banking,vijayawada,andhra pradesh,2025-04-07,delivered
100053,C0083,ananya singh,competitive exam guide,books,4,930,30,cash on delivery,coimbatore,tamil nadu,2025-10-25,delivered
100124,C0006,aditi tripathi,football,sports,1,1670,35,cash on delivery,jaipur,rajasthan,2026-06-29,delivered
100489,C0042,arjun singh,saree,clothing,1,8820,25,cash on delivery,kolkata,west bengal,2025-03-04,processing
100555,C0201,sakshi tripathi,biography,books,6,720,12,credit card,jaipur,rajasthan,2025-06-12,delivered
100831,C0013,vikram pillai,atta 10kg,grocery,1,600,35,cash on delivery,mumbai,maharashtra,2025-10-17,delivered
100850,C0020,aarav patel,cricket bat,sports,6,7900,12,credit card,delhi,delhi,2025-11-18,delivered
100098,C0276,ananya agarwal,study table,furniture,3,17560,20,cash on delivery,lucknow,uttar pradesh,2025-11-30,shipped
100335,C0217,meera pandey,bedside table,furniture,5,5800,5,debit card,bengaluru,karnataka,2026-05-07,delivered
100566,C0065,pranav agarwal,atta 10kg,grocery,2,420,10,cash on delivery,lucknow,uttar pradesh,2026-07-01,returned
100570,C0236,siddharth verma,cricket bat,sports,9,5340,40,debit card,chennai,tamil nadu,2025-04-03,delivered
100190,C0344,aman jain,induction cooktop,home appliances,6,4920,40,net banking,vijayawada,andhra pradesh,2025-09-22,delivered
100394,C0055,aman shetty,sunscreen,beauty,1,760,15,debit card,lucknow,uttar pradesh,2026-01-16,delivered
100778,C0157,harsh iyer,usb-c hub,electronics,1,4350,40,debit card,vijayawada,andhra pradesh,2026-04-22,returned
100891,C0122,abhinav yadav,formal shirt,clothing,3,2980,0,upi,mumbai,maharashtra,2025-02-12,delivered
100917,C0180,arjun agarwal,hair serum,beauty,3,280,20,net banking,pune,maharashtra,2026-07-23,returned
100026,C0137,riya kapoor,programming book,books,10,900,10,debit card,delhi,delhi,2026-02-22,delivered
100157,C0266,divya chopra,biography,books,3,440,20,upi,delhi,delhi,2025-05-01,shipped
100237,C0197,lakshmi das,face wash,beauty,5,670,0,cash on delivery,bengaluru,karnataka,2026-09-13,delivered
100392,C0320,lakshmi rao,moisturizer,beauty,5,910,10,debit card,lucknow,uttar pradesh,2026-04-19,delivered
100550,C0034,nandini kapoor,coffee 500g,grocery,4,530,40,cash on delivery,chennai,tamil nadu,2025-07-12,delivered
100752,C0256,keerthi mishra,power bank,electronics,2,3010,25,net banking,vijayawada,andhra pradesh,2025-07-06,returned
100044,C0080,deepak agarwal,bookshelf,furniture,9,6550,30,cash on delivery,jaipur,rajasthan,2026-04-21,delivered
100096,C0080,deepak agarwal,sofa,furniture,1,21850,0,net banking,chennai,tamil nadu,2025-09-06,processing
100470,C0222,divya sharma,perfume,beauty,10,3350,25,cash on delivery,mumbai,maharashtra,2026-09-16,delivered
100230,C0198,nandini mehta,face wash,beauty,5,370,0,net banking,mumbai,maharashtra,2025-03-16,shipped
100411,C0312,aarav kulkarni,usb-c hub,electronics,10,2350,5,cash on delivery,lucknow,uttar pradesh,2026-02-22,delivered
100443,C0137,riya kapoor,vacuum cleaner,home appliances,4,7180,10,debit card,mumbai,maharashtra,2025-03-11,delivered
100562,C0158,deepak pandey,cooking oil 5l,grocery,1,800,10,cash on delivery,delhi,delhi,2025-04-03,delivered
100604,C0288,arjun saxena,saree,clothing,6,7320,25,net banking,bengaluru,karnataka,2026-08-29,processing
100664,C0222,divya sharma,makeup kit,beauty,7,3220,10,cash on delivery,lucknow,uttar pradesh,2025-01-14,delivered
100160,C0174,aarav tripathi,office chair,furniture,10,10670,40,upi,kolkata,west bengal,2026-06-01,delivered
100641,C0105,swathi gupta,air fryer,home appliances,7,6780,0,net banking,mumbai,maharashtra,2025-04-13,delivered
100318,C0309,kavya chopra,running shoes,sports,7,6630,10,debit card,delhi,delhi,2025-06-07,delivered
100722,C0082,sanjay patel,sofa,furniture,2,46120,30,debit card,kolkata,west bengal,2025-12-22,delivered
100920,C0022,divya chaudhary,shampoo,beauty,4,900,40,debit card,lucknow,uttar pradesh,2025-10-27,shipped
100222,C0316,aman das,running shoes,sports,10,6260,30,debit card,jaipur,rajasthan,2025-11-23,delivered
100334,C0336,siddharth pandey,cricket bat,sports,9,3350,25,cash on delivery,kolkata,west bengal,2026-07-02,delivered
100390,C0251,akash kulkarni,usb-c hub,electronics,6,3950,25,credit card,jaipur,rajasthan,2025-12-25,returned
100698,C0224,keerthi naidu,laptop,electronics,9,60320,25,net banking,delhi,delhi,2025-11-18,delivered
100724,C0097,aditya chopra,moisturizer,beauty,3,1140,15,upi,hyderabad,telangana,2026-06-10,processing
100817,C0284,nikhil yadav,electric kettle,home appliances,1,1980,15,net banking,mumbai,maharashtra,2026-06-04,delivered
100196,C0334,akash saxena,vacuum cleaner,home appliances,1,13940,35,debit card,vijayawada,andhra pradesh,2025-08-06,delivered
100577,C0300,meera reddy,smartphone,electronics,10,38490,30,upi,vijayawada,andhra pradesh,2025-11-19,delivered
100746,C0250,karthik patel,mixer grinder,home appliances,8,4800,40,credit card,delhi,delhi,2026-02-24,shipped
100092,C0095,abhinav malhotra,programming book,books,6,660,5,cash on delivery,delhi,delhi,2025-05-31,processing
100186,C0123,divya naidu,microwave oven,home appliances,9,10690,40,upi,lucknow,uttar pradesh,2025-04-18,shipped
100336,C0137,riya kapoor,badminton racket,sports,3,2550,0,debit card,hyderabad,telangana,2025-12-28,delivered
100609,C0111,nandini sharma,laptop,electronics,2,62420,20,credit card,bengaluru,karnataka,2026-06-15,returned
100651,C0094,sai patel,data science handbook,books,9,830,40,net banking,hyderabad,telangana,2025-10-24,delivered
100660,C0072,arjun sharma,sports bottle,sports,5,780,20,upi,lucknow,uttar pradesh,2026-08-01,delivered
100066,C0325,keerthi sharma,monitor,electronics,4,27340,35,cash on delivery,jaipur,rajasthan,2025-08-20,delivered
100220,C0057,swathi yadav,football,sports,3,1990,35,cash on delivery,lucknow,uttar pradesh,2025-02-15,shipped
100261,C0200,isha singh,usb-c hub,electronics,5,2710,30,upi,delhi,delhi,2025-08-30,delivered
100584,C0120,varun shetty,makeup kit,beauty,8,1250,12,debit card,jaipur,rajasthan,2025-07-27,delivered
100707,C0146,diya joshi,bedside table,furniture,8,6790,20,debit card,lucknow,uttar pradesh,2025-01-24,delivered
100076,C0004,neha kumar,moisturizer,beauty,5,280,10,net banking,chennai,tamil nadu,2026-07-16,processing
100079,C0263,siddharth kulkarni,cricket bat,sports,4,2610,30,credit card,jaipur,rajasthan,2025-04-19,delivered
100133,C0163,sanjay singh,dumbbell set,sports,5,1900,30,net banking,chennai,tamil nadu,2025-06-22,delivered
100249,C0060,arjun patel,monitor,electronics,7,24480,35,credit card,pune,maharashtra,2026-01-02,cancelled
100581,C0165,aditi chopra,spice combo,grocery,7,430,20,net banking,coimbatore,tamil nadu,2025-07-07,returned
100737,C0257,pooja joshi,power bank,electronics,5,1080,12,upi,mumbai,maharashtra,2025-03-23,cancelled
100771,C0104,karthik yadav,dumbbell set,sports,3,4240,10,debit card,pune,maharashtra,2026-03-11,shipped
100962,C0101,aman jain,study table,furniture,5,15000,40,upi,delhi,delhi,2025-08-29,delivered
100362,C0290,riya das,office chair,furniture,4,12320,15,upi,coimbatore,tamil nadu,2025-03-10,processing
100490,C0226,priya bose,hoodie,clothing,1,3800,35,debit card,kolkata,west bengal,2026-05-17,delivered
100655,C0160,aarav nair,spice combo,grocery,9,340,40,cash on delivery,pune,maharashtra,2025-08-11,delivered
100719,C0312,aarav kulkarni,biography,books,1,450,5,credit card,vijayawada,andhra pradesh,2026-09-29,delivered
100873,C0192,divya sharma,sports bottle,sports,10,320,0,cash on delivery,kolkata,west bengal,2025-07-01,delivered
100945,C0316,aman das,induction cooktop,home appliances,1,5130,30,debit card,lucknow,uttar pradesh,2025-03-02,delivered
100062,C0201,sakshi tripathi,makeup kit,beauty,6,1730,35,net banking,coimbatore,tamil nadu,2025-12-12,shipped
100232,C0338,vivaan patel,jeans,clothing,3,2690,0,upi,delhi,delhi,2026-03-22,delivered
100348,C0073,abhinav kulkarni,jeans,clothing,2,2090,0,net banking,lucknow,uttar pradesh,2025-11-14,delivered
100797,C0306,nandini shetty,office chair,furniture,3,3810,30,net banking,coimbatore,tamil nadu,2025-11-02,delivered
100014,C0342,pranav jain,formal shirt,clothing,5,2050,0,net banking,pune,maharashtra,2025-12-20,delivered
100444,C0090,abhinav pillai,novel,books,8,530,15,credit card,mumbai,maharashtra,2025-09-11,delivered
100488,C0236,siddharth verma,shampoo,beauty,10,390,10,net banking,vijayawada,andhra pradesh,2025-10-19,delivered
100214,C0044,varun das,smartphone,electronics,6,17550,5,net banking,delhi,delhi,2025-06-22,delivered
100259,C0049,sakshi chopra,yoga mat,sports,10,1900,40,net banking,kolkata,west bengal,2026-09-02,cancelled
100282,C0073,abhinav kulkarni,dumbbell set,sports,6,6500,25,credit card,mumbai,maharashtra,2026-07-10,shipped
100739,C0039,siddharth reddy,electric kettle,home appliances,7,1880,20,upi,coimbatore,tamil nadu,2026-01-31,delivered
100869,C0122,abhinav yadav,bookshelf,furniture,1,3980,30,cash on delivery,coimbatore,tamil nadu,2026-04-26,returned
100155,C0204,pranav reddy,basmati rice 5kg,grocery,7,480,40,upi,coimbatore,tamil nadu,2025-05-09,shipped
100162,C0295,lakshmi pillai,novel,books,1,730,10,credit card,coimbatore,tamil nadu,2026-03-03,delivered
100254,C0145,shreya saxena,office chair,furniture,8,3100,20,upi,mumbai,maharashtra,2025-02-17,delivered
100373,C0145,shreya saxena,makeup kit,beauty,10,2490,35,debit card,kolkata,west bengal,2026-02-03,processing
100596,C0218,rohan pandey,bedside table,furniture,3,4730,25,debit card,chennai,tamil nadu,2025-07-24,cancelled
100690,C0115,siddharth saxena,jeans,clothing,10,3390,20,credit card,hyderabad,telangana,2026-07-30,returned
100726,C0339,deepak malhotra,laptop,electronics,3,69120,40,net banking,vijayawada,andhra pradesh,2025-02-13,delivered
100880,C0013,vikram pillai,vacuum cleaner,home appliances,9,10360,40,upi,pune,maharashtra,2026-06-26,delivered
100938,C0087,akash kulkarni,hoodie,clothing,10,1440,12,upi,jaipur,rajasthan,2025-04-23,processing
100983,C0025,deepak gupta,sports bottle,sports,4,1040,10,net banking,bengaluru,karnataka,2026-07-20,delivered
100356,C0257,pooja joshi,cricket bat,sports,6,4530,20,debit card,coimbatore,tamil nadu,2025-08-24,cancelled
100399,C0072,arjun sharma,mechanical keyboard,electronics,7,2800,10,debit card,bengaluru,karnataka,2026-09-10,shipped
100465,C0086,kavya singh,sports shoes,clothing,6,5290,30,upi,coimbatore,tamil nadu,2025-10-16,delivered
100469,C0139,tanvi naidu,data science handbook,books,5,840,5,upi,chennai,tamil nadu,2026-07-06,delivered
101000,C0181,shreya gupta,monitor,electronics,3,14940,30,net banking,mumbai,maharashtra,2025-09-19,cancelled
100316,C0082,sanjay patel,sunscreen,beauty,6,370,25,cash on delivery,mumbai,maharashtra,2025-01-21,processing
100403,C0008,aarav iyer,badminton racket,sports,6,1570,25,credit card,bengaluru,karnataka,2026-06-02,delivered
100744,C0261,manish tripathi,makeup kit,beauty,6,3830,20,cash on delivery,delhi,delhi,2026-09-15,shipped
100932,C0191,aman naidu,sunscreen,beauty,5,850,30,cash on delivery,chennai,tamil nadu,2026-07-23,delivered
100300,C0282,siddharth malhotra,vacuum cleaner,home appliances,8,8960,0,upi,jaipur,rajasthan,2025-10-27,cancelled
100703,C0079,neha pandey,business book,books,8,390,35,debit card,pune,maharashtra,2026-01-23,delivered
100708,C0335,akash reddy,ceiling fan,home appliances,4,2220,35,debit card,pune,maharashtra,2026-06-27,returned
100227,C0318,swathi singh,electric kettle,home appliances,1,1280,20,cash on delivery,vijayawada,andhra pradesh,2026-01-08,delivered
100554,C0344,aman jain,sofa,furniture,6,46460,10,upi,coimbatore,tamil nadu,2026-09-22,processing
100866,C0146,diya joshi,mechanical keyboard,electronics,2,6440,35,credit card,coimbatore,tamil nadu,2025-02-20,cancelled
100904,C0260,aman kapoor,sunscreen,beauty,6,840,5,credit card,lucknow,uttar pradesh,2026-04-14,shipped
100989,C0225,sanjay das,badminton racket,sports,10,2990,40,net banking,chennai,tamil nadu,2025-11-24,delivered
100043,C0087,akash kulkarni,sugar 5kg,grocery,1,410,0,net banking,pune,maharashtra,2025-01-20,shipped
100285,C0247,neha chaudhary,induction cooktop,home appliances,10,4030,20,debit card,coimbatore,tamil nadu,2026-04-21,cancelled
100791,C0044,varun das,bookshelf,furniture,10,8240,30,net banking,bengaluru,karnataka,2025-06-06,delivered
100957,C0140,sneha sharma,bedside table,furniture,1,3170,25,cash on delivery,vijayawada,andhra pradesh,2025-06-21,delivered
100990,C0165,aditi chopra,competitive exam guide,books,2,960,12,credit card,jaipur,rajasthan,2025-07-28,processing
100036,C0341,sneha singh,usb-c hub,electronics,3,2520,35,credit card,delhi,delhi,2025-03-06,delivered
100569,C0082,sanjay patel,induction cooktop,home appliances,8,3210,25,cash on delivery,pune,maharashtra,2026-01-11,processing
100860,C0185,sai patel,data science handbook,books,3,1500,40,debit card,chennai,tamil nadu,2026-04-26,delivered
100019,C0082,sanjay patel,programming book,books,10,580,10,credit card,pune,maharashtra,2026-05-11,returned
100387,C0272,sanjay naidu,office chair,furniture,9,5560,12,cash on delivery,bengaluru,karnataka,2026-06-12,delivered
100747,C0348,keerthi rao,makeup kit,beauty,2,1250,40,cash on delivery,jaipur,rajasthan,2025-04-20,delivered
100858,C0115,siddharth saxena,hair serum,beauty,4,310,5,debit card,vijayawada,andhra pradesh,2026-03-17,shipped
100314,C0313,sai das,usb-c hub,electronics,8,1910,20,debit card,lucknow,uttar pradesh,2026-08-02,shipped
100459,C0015,siddharth yadav,sports shoes,clothing,1,3730,25,upi,pune,maharashtra,2025-08-31,shipped
100472,C0114,sai nair,coffee 500g,grocery,5,620,15,upi,lucknow,uttar pradesh,2025-10-30,shipped
100135,C0153,ananya jain,sports bottle,sports,2,510,10,upi,vijayawada,andhra pradesh,2026-06-07,delivered
100181,C0051,tanvi sharma,sofa,furniture,6,29020,25,upi,mumbai,maharashtra,2026-04-12,processing
100322,C0004,neha kumar,programming book,books,3,610,35,upi,bengaluru,karnataka,2025-01-02,delivered
100410,C0112,aditya rao,perfume,beauty,10,3080,25,credit card,pune,maharashtra,2025-01-12,delivered
100622,C0239,pooja sharma,badminton racket,sports,5,1560,35,credit card,bengaluru,karnataka,2025-05-05,delivered
100699,C0322,pooja saxena,air fryer,home appliances,5,10920,20,credit card,kolkata,west bengal,2026-06-12,shipped
100242,C0268,keerthi iyer,sports bottle,sports,9,460,10,debit card,vijayawada,andhra pradesh,2025-05-30,delivered
100315,C0167,kavya chaudhary,badminton racket,sports,1,3480,40,debit card,kolkata,west bengal,2026-02-24,processing
100327,C0046,vikram iyer,sports bottle,sports,2,580,40,credit card,mumbai,maharashtra,2025-10-19,processing
100421,C0003,riya patel,hair serum,beauty,1,480,35,upi,chennai,tamil nadu,2026-08-13,delivered
100505,C0232,keerthi kulkarni,dining table,furniture,9,27040,0,credit card,jaipur,rajasthan,2025-04-01,cancelled
100508,C0214,neha tripathi,competitive exam guide,books,1,790,10,debit card,delhi,delhi,2026-03-06,delivered
100035,C0217,meera pandey,dry fruits pack,grocery,8,1090,5,debit card,mumbai,maharashtra,2025-12-20,delivered
100106,C0127,riya kumar,spice combo,grocery,3,680,40,credit card,mumbai,maharashtra,2025-02-28,delivered
100123,C0272,sanjay naidu,atta 10kg,grocery,4,560,0,upi,coimbatore,tamil nadu,2026-01-15,shipped
100273,C0290,riya das,tea 1kg,grocery,3,350,35,upi,coimbatore,tamil nadu,2026-06-04,shipped
100567,C0206,harsh pillai,business book,books,9,670,0,net banking,hyderabad,telangana,2025-07-24,delivered
100896,C0237,sanjay menon,hoodie,clothing,9,2990,40,upi,pune,maharashtra,2025-10-11,delivered
100264,C0247,neha chaudhary,mechanical keyboard,electronics,1,3600,12,debit card,mumbai,maharashtra,2025-02-27,delivered
100317,C0264,siddharth mishra,kurta,clothing,10,1070,30,credit card,jaipur,rajasthan,2025-02-04,cancelled
100407,C0286,rahul naidu,bedside table,furniture,7,4620,15,debit card,mumbai,maharashtra,2026-05-06,delivered
100457,C0051,tanvi sharma,office chair,furniture,3,15130,15,credit card,coimbatore,tamil nadu,2026-06-30,delivered
100905,C0171,vivaan naidu,perfume,beauty,1,1300,30,cash on delivery,chennai,tamil nadu,2026-02-03,delivered
100001,C0256,keerthi mishra,saree,clothing,2,6710,20,credit card,mumbai,maharashtra,2026-01-01,delivered
100063,C0099,arjun pandey,coffee 500g,grocery,4,840,15,credit card,mumbai,maharashtra,2025-11-16,delivered
100164,C0247,neha chaudhary,bedside table,furniture,7,2430,25,debit card,jaipur,rajasthan,2025-11-21,delivered
100692,C0141,varun agarwal,electric kettle,home appliances,4,920,0,net banking,delhi,delhi,2026-08-18,shipped
100618,C0155,sneha sharma,induction cooktop,home appliances,5,3320,12,upi,mumbai,maharashtra,2025-02-26,cancelled
100822,C0185,sai patel,competitive exam guide,books,3,600,0,net banking,mumbai,maharashtra,2025-11-17,returned
100265,C0112,aditya rao,electric kettle,home appliances,4,1710,30,net banking,delhi,delhi,2026-06-22,delivered
100426,C0241,aman joshi,formal shirt,clothing,7,2960,15,credit card,jaipur,rajasthan,2026-06-22,delivered
100474,C0008,aarav iyer,programming book,books,10,910,15,net banking,bengaluru,karnataka,2026-05-25,delivered
100504,C0076,neha reddy,mixer grinder,home appliances,5,2840,25,cash on delivery,lucknow,uttar pradesh,2025-08-25,processing
100541,C0240,meera yadav,badminton racket,sports,5,1770,30,cash on delivery,delhi,delhi,2026-07-05,delivered
100606,C0336,siddharth pandey,mechanical keyboard,electronics,6,2070,40,net banking,bengaluru,karnataka,2025-08-17,delivered
100306,C0003,riya patel,face wash,beauty,5,350,30,cash on delivery,vijayawada,andhra pradesh,2026-04-24,cancelled
100500,C0320,lakshmi rao,basmati rice 5kg,grocery,2,490,20,cash on delivery,lucknow,uttar pradesh,2025-07-26,delivered
100627,C0125,riya pandey,biography,books,2,630,12,net banking,bengaluru,karnataka,2026-07-15,delivered
100988,C0050,tanvi patel,hoodie,clothing,6,3610,0,debit card,pune,maharashtra,2025-10-26,delivered
100119,C0191,aman naidu,cricket bat,sports,5,2450,12,net banking,mumbai,maharashtra,2025-07-15,delivered
100188,C0319,sanjay gupta,t-shirt,clothing,10,700,0,credit card,pune,maharashtra,2025-07-17,cancelled
100382,C0046,vikram iyer,tea 1kg,grocery,10,380,12,debit card,kolkata,west bengal,2026-01-22,delivered
100512,C0138,pranav joshi,power bank,electronics,4,1920,0,credit card,mumbai,maharashtra,2025-11-24,shipped
100078,C0030,sneha nair,mechanical keyboard,electronics,1,5620,0,credit card,mumbai,maharashtra,2025-03-04,delivered
100099,C0023,riya kapoor,badminton racket,sports,2,2670,35,credit card,kolkata,west bengal,2025-08-16,delivered
100438,C0153,ananya jain,formal shirt,clothing,6,1400,12,cash on delivery,bengaluru,karnataka,2025-02-24,processing
100521,C0095,abhinav malhotra,perfume,beauty,10,3310,5,credit card,delhi,delhi,2025-01-06,processing
100640,C0096,manish gupta,tea 1kg,grocery,3,460,25,upi,jaipur,rajasthan,2025-12-30,shipped
100786,C0263,siddharth kulkarni,bluetooth speaker,electronics,2,7880,30,cash on delivery,delhi,delhi,2025-11-15,cancelled
100088,C0199,pooja reddy,bedside table,furniture,4,2160,35,cash on delivery,mumbai,maharashtra,2025-08-29,delivered
100192,C0165,aditi chopra,basmati rice 5kg,grocery,4,730,25,credit card,coimbatore,tamil nadu,2025-03-23,shipped
100455,C0206,harsh pillai,moisturizer,beauty,9,1200,12,debit card,coimbatore,tamil nadu,2025-04-06,returned
100594,C0186,sai bose,perfume,beauty,1,3830,12,net banking,jaipur,rajasthan,2025-09-16,cancelled
100895,C0018,ananya yadav,badminton racket,sports,5,2710,10,debit card,hyderabad,telangana,2026-03-15,delivered
100922,C0296,arjun shetty,cricket bat,sports,6,1710,15,cash on delivery,chennai,tamil nadu,2025-03-14,delivered
100016,C0215,sai naidu,hoodie,clothing,2,2390,0,net banking,jaipur,rajasthan,2025-04-08,delivered
100080,C0105,swathi gupta,face wash,beauty,7,450,0,debit card,bengaluru,karnataka,2026-05-20,processing
100951,C0147,deepak kumar,face wash,beauty,10,210,12,upi,vijayawada,andhra pradesh,2025-02-05,delivered
100020,C0122,abhinav yadav,mechanical keyboard,electronics,1,5890,15,credit card,jaipur,rajasthan,2025-12-06,delivered
100713,C0232,keerthi kulkarni,sports bottle,sports,2,1120,0,net banking,kolkata,west bengal,2025-12-17,delivered
100750,C0038,anjali pandey,makeup kit,beauty,1,980,40,cash on delivery,jaipur,rajasthan,2026-02-18,delivered
100935,C0068,vikram yadav,makeup kit,beauty,6,1110,0,upi,delhi,delhi,2025-04-28,cancelled
100167,C0182,sakshi naidu,tea 1kg,grocery,5,780,0,credit card,mumbai,maharashtra,2025-08-26,cancelled
100244,C0286,rahul naidu,football,sports,2,2320,12,credit card,bengaluru,karnataka,2026-07-30,delivered
100441,C0205,abhinav rao,novel,books,8,580,40,credit card,vijayawada,andhra pradesh,2026-07-07,delivered
100539,C0009,keerthi naidu,air fryer,home appliances,1,8430,25,credit card,vijayawada,andhra pradesh,2025-09-24,shipped
100552,C0329,karthik shetty,data science handbook,books,9,1280,0,upi,jaipur,rajasthan,2025-11-23,delivered
100759,C0301,abhinav pandey,coffee 500g,grocery,1,390,10,upi,jaipur,rajasthan,2026-09-18,delivered
100795,C0075,swathi tripathi,atta 10kg,grocery,8,480,5,debit card,chennai,tamil nadu,2025-06-08,processing
100832,C0206,harsh pillai,ceiling fan,home appliances,1,2830,12,credit card,lucknow,uttar pradesh,2026-07-10,processing
100924,C0172,manish kapoor,moisturizer,beauty,2,850,25,cash on delivery,mumbai,maharashtra,2025-12-20,shipped
100189,C0169,priya singh,jacket,clothing,8,5750,25,cash on delivery,hyderabad,telangana,2025-01-16,delivered
100480,C0174,aarav tripathi,ceiling fan,home appliances,3,4000,40,credit card,pune,maharashtra,2026-01-03,returned
100624,C0254,pooja nair,business book,books,5,1010,30,net banking,lucknow,uttar pradesh,2026-04-25,processing
100384,C0023,riya kapoor,dumbbell set,sports,2,7310,12,debit card,coimbatore,tamil nadu,2026-06-29,delivered
100388,C0056,sanjay shetty,jeans,clothing,10,2380,5,debit card,pune,maharashtra,2026-08-18,delivered
100654,C0111,nandini sharma,sofa,furniture,10,53830,12,credit card,hyderabad,telangana,2025-06-10,returned
100255,C0128,tanvi gupta,face wash,beauty,9,330,15,net banking,hyderabad,telangana,2025-08-16,processing
100293,C0258,lakshmi joshi,sports bottle,sports,5,990,12,upi,delhi,delhi,2026-06-23,shipped
100369,C0305,keerthi singh,mixer grinder,home appliances,3,5050,40,debit card,hyderabad,telangana,2026-09-02,processing
100481,C0165,aditi chopra,shampoo,beauty,5,250,25,credit card,kolkata,west bengal,2025-07-15,processing
100538,C0162,siddharth kapoor,air fryer,home appliances,2,11580,40,cash on delivery,delhi,delhi,2025-06-26,delivered
100587,C0117,aditya malhotra,yoga mat,sports,8,1760,30,net banking,delhi,delhi,2026-03-01,delivered
100633,C0078,aditi patel,bedside table,furniture,9,1860,0,upi,vijayawada,andhra pradesh,2025-12-10,delivered
100824,C0345,keerthi yadav,dumbbell set,sports,9,5530,5,credit card,lucknow,uttar pradesh,2026-01-22,cancelled
100871,C0079,neha pandey,sports shoes,clothing,7,2070,35,credit card,delhi,delhi,2025-02-12,delivered
100898,C0147,deepak kumar,makeup kit,beauty,5,3420,20,debit card,jaipur,rajasthan,2025-11-16,processing
100226,C0170,shreya kulkarni,mixer grinder,home appliances,8,5070,15,debit card,chennai,tamil nadu,2025-10-16,delivered
100370,C0238,aditya chopra,spice combo,grocery,5,250,40,upi,jaipur,rajasthan,2025-10-22,cancelled
100404,C0194,tanvi verma,spice combo,grocery,2,460,40,net banking,kolkata,west bengal,2025-12-04,shipped
100676,C0246,lakshmi agarwal,biography,books,5,620,15,debit card,coimbatore,tamil nadu,2026-07-26,cancelled
100677,C0216,lakshmi das,induction cooktop,home appliances,6,5420,25,credit card,kolkata,west bengal,2025-07-12,processing
100911,C0330,deepak menon,running shoes,sports,2,4040,5,net banking,jaipur,rajasthan,2026-01-19,delivered
100057,C0103,rahul saxena,jacket,clothing,6,2640,10,debit card,mumbai,maharashtra,2025-12-09,delivered
100069,C0078,aditi patel,atta 10kg,grocery,2,580,0,net banking,chennai,tamil nadu,2026-05-21,returned
100173,C0072,arjun sharma,spice combo,grocery,10,630,0,credit card,chennai,tamil nadu,2026-08-05,shipped
100048,C0135,anjali kapoor,data science handbook,books,9,1410,40,cash on delivery,hyderabad,telangana,2026-04-15,processing
100100,C0227,aarav kumar,cooking oil 5l,grocery,8,730,5,net banking,delhi,delhi,2025-05-24,delivered
100303,C0243,swathi joshi,novel,books,2,370,25,debit card,chennai,tamil nadu,2026-02-09,delivered
100355,C0052,rahul kapoor,yoga mat,sports,10,1390,25,credit card,kolkata,west bengal,2026-04-03,returned
100434,C0313,sai das,business book,books,4,490,30,credit card,mumbai,maharashtra,2026-03-30,delivered
100823,C0154,kavya reddy,jacket,clothing,7,4070,0,upi,bengaluru,karnataka,2025-07-19,delivered
100847,C0040,karthik bose,atta 10kg,grocery,5,640,30,credit card,chennai,tamil nadu,2025-04-05,delivered
100893,C0077,isha iyer,novel,books,2,500,0,debit card,chennai,tamil nadu,2025-12-16,delivered
100052,C0163,sanjay singh,novel,books,7,790,12,net banking,hyderabad,telangana,2025-12-17,delivered
100114,C0252,keerthi singh,ceiling fan,home appliances,0,2920,15,net banking,chennai,tamil nadu,2025-02-15,delivered
100339,C0177,ananya mishra,wireless mouse,electronics,9,1540,20,credit card,chennai,tamil nadu,2025-08-19,delivered
100834,C0204,pranav reddy,yoga mat,sports,10,780,25,net banking,chennai,tamil nadu,2025-01-22,delivered
100835,C0300,meera reddy,sunscreen,beauty,4,1010,20,credit card,chennai,tamil nadu,2025-02-06,delivered
100877,C0041,pooja reddy,tea 1kg,grocery,6,710,35,credit card,hyderabad,telangana,2026-07-20,delivered
100909,C0221,nikhil reddy,biography,books,4,510,25,cash on delivery,mumbai,maharashtra,2025-03-28,delivered
100174,C0088,shreya das,air fryer,home appliances,6,5840,12,debit card,pune,maharashtra,2026-08-17,delivered
100221,C0168,arjun mehta,kurta,clothing,2,1900,20,credit card,chennai,tamil nadu,2025-10-27,processing
100389,C0063,abhinav rao,football,sports,1,740,0,cash on delivery,delhi,delhi,2026-05-18,delivered
100423,C0292,riya naidu,laptop,electronics,5,59530,30,debit card,vijayawada,andhra pradesh,2026-02-14,delivered
100218,C0269,nikhil rao,bluetooth speaker,electronics,8,5000,30,upi,lucknow,uttar pradesh,2025-11-06,shipped
100371,C0340,tanvi rao,business book,books,6,850,5,debit card,pune,maharashtra,2026-04-28,delivered
100381,C0335,akash reddy,sports bottle,sports,3,690,20,upi,lucknow,uttar pradesh,2025-03-05,delivered
100476,C0012,keerthi chaudhary,hair serum,beauty,4,1070,15,net banking,hyderabad,telangana,2026-08-13,delivered
100517,C0041,pooja reddy,football,sports,3,2320,40,credit card,chennai,tamil nadu,2026-06-15,delivered
100592,C0306,nandini shetty,formal shirt,clothing,5,2440,5,upi,coimbatore,tamil nadu,2025-09-20,delivered
100601,C0278,vikram malhotra,induction cooktop,home appliances,9,4860,5,debit card,kolkata,west bengal,2026-07-08,delivered
100942,C0314,riya kumar,wireless mouse,electronics,2,2260,15,debit card,pune,maharashtra,2025-05-19,delivered
100486,C0199,pooja reddy,vacuum cleaner,home appliances,6,9980,20,debit card,bengaluru,karnataka,2025-03-20,shipped
100559,C0025,deepak gupta,competitive exam guide,books,7,790,15,credit card,mumbai,maharashtra,2026-06-02,processing
100851,C0172,manish kapoor,vacuum cleaner,home appliances,9,4820,5,net banking,mumbai,maharashtra,2025-10-22,delivered
100147,C0145,shreya saxena,dumbbell set,sports,5,5700,20,cash on delivery,chennai,tamil nadu,2025-07-15,delivered
100021,C0257,pooja joshi,smartphone,electronics,7,15540,5,debit card,hyderabad,telangana,2026-06-29,delivered
100121,C0167,kavya chaudhary,laptop,electronics,1,56250,40,upi,jaipur,rajasthan,2026-04-02,shipped
100413,C0348,keerthi rao,study table,furniture,8,5110,12,debit card,hyderabad,telangana,2026-04-12,shipped
100582,C0016,neha patel,competitive exam guide,books,7,500,30,net banking,vijayawada,andhra pradesh,2025-07-22,cancelled
100605,C0134,arjun iyer,makeup kit,beauty,5,2110,35,upi,jaipur,rajasthan,2026-08-17,delivered
100837,C0192,divya sharma,face wash,beauty,5,190,40,upi,kolkata,west bengal,2025-02-11,delivered
100900,C0345,keerthi yadav,power bank,electronics,3,3070,30,cash on delivery,kolkata,west bengal,2026-06-18,processing
100949,C0035,nandini gupta,jeans,clothing,4,2130,0,credit card,coimbatore,tamil nadu,2025-10-31,delivered
100142,C0337,nikhil joshi,sunscreen,beauty,4,430,30,credit card,mumbai,maharashtra,2026-04-09,delivered
100461,C0095,abhinav malhotra,saree,clothing,5,8730,20,cash on delivery,delhi,delhi,2025-06-03,delivered
100006,C0117,aditya malhotra,biography,books,7,650,10,credit card,pune,maharashtra,2026-05-09,shipped
100065,C0156,nandini bose,induction cooktop,home appliances,6,3990,30,cash on delivery,kolkata,west bengal,2025-04-12,delivered
100145,C0007,sai mishra,face wash,beauty,7,350,30,cash on delivery,bengaluru,karnataka,2025-08-28,delivered
100165,C0134,arjun iyer,hair serum,beauty,10,330,30,upi,mumbai,maharashtra,2026-02-09,delivered
100172,C0058,swathi mishra,jacket,clothing,10,5780,30,net banking,vijayawada,andhra pradesh,2025-11-30,delivered
100193,C0090,abhinav pillai,makeup kit,beauty,5,2220,10,cash on delivery,chennai,tamil nadu,2025-03-05,shipped
100561,C0005,sakshi joshi,dry fruits pack,grocery,1,1600,10,cash on delivery,jaipur,rajasthan,2026-01-25,delivered
100652,C0337,nikhil joshi,moisturizer,beauty,4,520,35,debit card,lucknow,uttar pradesh,2025-02-14,delivered
100684,C0343,pooja jain,smartphone,electronics,5,49940,5,credit card,coimbatore,tamil nadu,2025-09-05,shipped
100093,C0290,riya das,moisturizer,beauty,4,680,5,upi,mumbai,maharashtra,2025-04-14,delivered
100294,C0193,sakshi shetty,running shoes,sports,10,3670,15,debit card,hyderabad,telangana,2025-05-30,delivered
100420,C0168,arjun mehta,programming book,books,6,1010,10,net banking,vijayawada,andhra pradesh,2025-07-19,shipped
100553,C0213,aman chopra,dumbbell set,sports,10,3510,10,net banking,bengaluru,karnataka,2026-02-18,delivered
100717,C0281,kavya tripathi,bluetooth speaker,electronics,5,4090,25,debit card,bengaluru,karnataka,2026-01-04,processing
100973,C0154,kavya reddy,football,sports,9,2280,5,debit card,kolkata,west bengal,2025-02-21,delivered
100105,C0314,riya kumar,competitive exam guide,books,1,780,10,net banking,lucknow,uttar pradesh,2026-01-02,delivered
100132,C0273,aman chaudhary,atta 10kg,grocery,2,460,25,cash on delivery,kolkata,west bengal,2025-11-13,shipped
100139,C0252,keerthi singh,novel,books,10,530,35,credit card,jaipur,rajasthan,2026-02-13,delivered
100802,C0153,ananya jain,basmati rice 5kg,grocery,7,540,5,net banking,chennai,tamil nadu,2026-09-14,delivered
100808,C0066,pranav patel,yoga mat,sports,5,600,25,cash on delivery,mumbai,maharashtra,2025-02-10,delivered
100901,C0142,aarav chopra,perfume,beauty,3,2950,0,net banking,pune,maharashtra,2025-09-24,returned
100754,C0043,pranav menon,football,sports,5,1460,35,cash on delivery,hyderabad,telangana,2025-05-26,delivered
100397,C0050,tanvi patel,atta 10kg,grocery,1,510,35,upi,delhi,delhi,2026-05-18,delivered
100564,C0211,meera chopra,bedside table,furniture,1,2530,10,upi,lucknow,uttar pradesh,2026-06-06,processing
100679,C0265,pranav joshi,mechanical keyboard,electronics,10,4690,5,cash on delivery,pune,maharashtra,2026-04-03,delivered
100844,C0201,sakshi tripathi,cooking oil 5l,grocery,3,820,0,debit card,coimbatore,tamil nadu,2025-07-28,delivered
100846,C0054,neha shetty,study table,furniture,3,5850,12,upi,mumbai,maharashtra,2025-03-27,cancelled
100872,C0210,neha agarwal,novel,books,2,410,10,credit card,jaipur,rajasthan,2025-10-26,delivered
100885,C0020,aarav patel,data science handbook,books,7,1000,0,net banking,bengaluru,karnataka,2026-03-12,returned
100972,C0267,kavya malhotra,ceiling fan,home appliances,6,1790,40,debit card,hyderabad,telangana,2026-09-18,shipped
100082,C0231,varun kumar,sofa,furniture,9,40630,35,net banking,kolkata,west bengal,2026-09-13,cancelled
100163,C0320,lakshmi rao,atta 10kg,grocery,2,610,40,credit card,jaipur,rajasthan,2026-08-09,delivered
100203,C0125,riya pandey,study table,furniture,8,11970,10,net banking,pune,maharashtra,2025-12-17,shipped
100250,C0010,shreya agarwal,monitor,electronics,6,23430,10,credit card,delhi,delhi,2026-01-05,delivered
100583,C0330,deepak menon,mixer grinder,home appliances,8,3190,35,net banking,coimbatore,tamil nadu,2026-07-05,delivered
100755,C0274,akash jain,cooking oil 5l,grocery,4,820,12,debit card,lucknow,uttar pradesh,2025-11-30,delivered
100952,C0093,shreya singh,saree,clothing,8,8000,15,upi,vijayawada,andhra pradesh,2025-05-27,returned
100997,C0038,anjali pandey,business book,books,2,780,10,debit card,pune,maharashtra,2025-08-04,shipped
100267,C0308,diya patel,office chair,furniture,10,7070,20,upi,vijayawada,andhra pradesh,2025-01-12,delivered
100429,C0189,siddharth shetty,dumbbell set,sports,10,3390,30,cash on delivery,kolkata,west bengal,2025-03-05,shipped
100580,C0264,siddharth mishra,dumbbell set,sports,5,4480,40,upi,mumbai,maharashtra,2025-11-05,delivered
100890,C0036,aarav singh,bookshelf,furniture,2,2890,15,upi,bengaluru,karnataka,2025-11-14,delivered
100436,C0093,shreya singh,mixer grinder,home appliances,1,4280,30,credit card,bengaluru,karnataka,2025-12-18,shipped
100735,C0173,nandini patel,sofa,furniture,7,38780,0,credit card,jaipur,rajasthan,2026-07-23,cancelled
100194,C0152,sakshi agarwal,kurta,clothing,9,2010,12,credit card,mumbai,maharashtra,2025-06-25,returned
100289,C0175,diya naidu,novel,books,10,450,15,cash on delivery,kolkata,west bengal,2026-06-07,delivered
100776,C0104,karthik yadav,face wash,beauty,6,620,15,cash on delivery,bengaluru,karnataka,2026-03-23,delivered
100884,C0180,arjun agarwal,football,sports,8,1300,10,cash on delivery,chennai,tamil nadu,2025-11-28,delivered
100028,C0197,lakshmi das,makeup kit,beauty,3,4800,15,upi,kolkata,west bengal,2026-06-26,delivered
100074,C0292,riya naidu,makeup kit,beauty,5,1950,25,net banking,vijayawada,andhra pradesh,2025-10-24,returned
100104,C0159,riya rao,bedside table,furniture,10,2810,12,net banking,pune,maharashtra,2025-07-08,delivered
100447,C0294,sai kumar,running shoes,sports,6,3720,12,upi,delhi,delhi,2026-06-05,delivered
100494,C0210,neha agarwal,dumbbell set,sports,2,3780,15,upi,chennai,tamil nadu,2025-01-23,delivered
100575,C0343,pooja jain,hoodie,clothing,8,1660,10,debit card,chennai,tamil nadu,2025-06-01,delivered
100783,C0015,siddharth yadav,dumbbell set,sports,5,6130,0,upi,kolkata,west bengal,2025-10-12,returned
100854,C0253,karthik mehta,face wash,beauty,6,480,0,debit card,hyderabad,telangana,2025-01-03,shipped
100974,C0303,nandini agarwal,biography,books,7,800,35,net banking,pune,maharashtra,2026-05-23,cancelled
100005,C0227,aarav kumar,coffee 500g,grocery,10,740,12,debit card,vijayawada,andhra pradesh,2026-08-30,delivered
100170,C0158,deepak pandey,competitive exam guide,books,6,0,0,net banking,pune,maharashtra,2025-08-26,shipped
100482,C0014,arjun pillai,basmati rice 5kg,grocery,7,780,10,cash on delivery,lucknow,uttar pradesh,2026-03-21,shipped
100495,C0185,sai patel,formal shirt,clothing,9,1550,40,credit card,coimbatore,tamil nadu,2025-02-15,delivered
100527,C0144,priya bose,shampoo,beauty,6,500,25,debit card,jaipur,rajasthan,2026-09-15,shipped
100563,C0170,shreya kulkarni,spice combo,grocery,4,490,12,debit card,coimbatore,tamil nadu,2025-10-30,delivered
100856,C0196,divya gupta,electric kettle,home appliances,6,1610,35,debit card,hyderabad,telangana,2025-08-29,delivered
100925,C0185,sai patel,running shoes,sports,6,5030,0,net banking,chennai,tamil nadu,2026-01-29,delivered
100941,C0194,tanvi verma,novel,books,4,460,20,cash on delivery,delhi,delhi,2025-03-08,delivered
100116,C0125,riya pandey,t-shirt,clothing,9,1050,12,cash on delivery,delhi,delhi,2025-04-07,processing
100365,C0005,sakshi joshi,wireless mouse,electronics,0,780,15,upi,pune,maharashtra,2025-03-04,delivered
100693,C0289,aditi mishra,face wash,beauty,10,560,25,debit card,lucknow,uttar pradesh,2025-02-06,delivered
100694,C0030,sneha nair,basmati rice 5kg,grocery,9,610,35,upi,kolkata,west bengal,2025-05-29,delivered
100770,C0228,diya tripathi,air fryer,home appliances,10,5410,15,cash on delivery,hyderabad,telangana,2025-03-01,delivered
100772,C0300,meera reddy,running shoes,sports,9,4820,15,credit card,bengaluru,karnataka,2025-10-03,delivered
100816,C0261,manish tripathi,smartphone,electronics,3,0,10,net banking,delhi,delhi,2025-08-13,delivered
100980,C0145,shreya saxena,mechanical keyboard,electronics,9,6040,25,net banking,mumbai,maharashtra,2025-07-22,delivered
100987,C0323,rahul kapoor,bluetooth speaker,electronics,7,4460,0,cash on delivery,chennai,tamil nadu,2025-09-08,delivered
100600,C0178,vivaan pandey,formal shirt,clothing,6,1450,25,cash on delivery,kolkata,west bengal,2025-03-12,processing
100709,C0143,priya rao,microwave oven,home appliances,4,15330,15,credit card,bengaluru,karnataka,2026-03-10,delivered
100756,C0004,neha kumar,office chair,furniture,2,12380,25,upi,lucknow,uttar pradesh,2025-10-21,processing
100767,C0071,rohan reddy,coffee 500g,grocery,10,530,10,upi,bengaluru,karnataka,2026-06-09,delivered
100017,C0332,meera agarwal,football,sports,10,2080,40,debit card,delhi,delhi,2026-05-25,delivered
100033,C0204,pranav reddy,saree,clothing,1,8440,12,cash on delivery,chennai,tamil nadu,2025-01-30,delivered
100211,C0343,pooja jain,mixer grinder,home appliances,7,3510,15,debit card,jaipur,rajasthan,2025-06-04,returned
100662,C0087,akash kulkarni,atta 10kg,grocery,8,470,10,upi,pune,maharashtra,2025-07-13,delivered
100751,C0081,abhinav gupta,coffee 500g,grocery,10,400,0,cash on delivery,delhi,delhi,2025-07-08,returned
100007,C0187,siddharth menon,biography,books,4,730,30,cash on delivery,hyderabad,telangana,2025-12-02,delivered
100031,C0084,anjali sharma,bookshelf,furniture,7,5190,0,upi,pune,maharashtra,2025-12-16,delivered
100089,C0142,aarav chopra,kurta,clothing,6,2440,10,debit card,vijayawada,andhra pradesh,2026-07-25,delivered
100094,C0170,shreya kulkarni,biography,books,4,640,0,debit card,bengaluru,karnataka,2025-11-18,delivered
100257,C0307,keerthi kapoor,jeans,clothing,7,1200,12,upi,lucknow,uttar pradesh,2026-03-08,shipped
100409,C0058,swathi mishra,competitive exam guide,books,4,770,30,upi,hyderabad,telangana,2026-01-11,delivered
100109,C0247,neha chaudhary,sunscreen,beauty,5,900,5,debit card,coimbatore,tamil nadu,2026-06-21,shipped
100477,C0051,tanvi sharma,running shoes,sports,10,5500,5,cash on delivery,hyderabad,telangana,2025-11-22,returned
100774,C0228,diya tripathi,business book,books,9,520,10,cash on delivery,lucknow,uttar pradesh,2026-06-09,processing
100838,C0317,kavya pandey,badminton racket,sports,10,1630,25,credit card,kolkata,west bengal,2026-09-10,delivered
100208,C0210,neha agarwal,sofa,furniture,6,20940,25,credit card,kolkata,west bengal,2025-05-22,delivered
100524,C0200,isha singh,running shoes,sports,8,6540,15,credit card,hyderabad,telangana,2025-02-13,shipped
100611,C0100,riya reddy,jeans,clothing,9,1380,20,credit card,coimbatore,tamil nadu,2025-09-22,delivered
100671,C0208,pooja verma,jeans,clothing,4,2490,40,upi,lucknow,uttar pradesh,2025-02-02,delivered
100801,C0284,nikhil yadav,sugar 5kg,grocery,3,400,10,debit card,mumbai,maharashtra,2026-03-05,delivered
100072,C0312,aarav kulkarni,face wash,beauty,5,270,0,debit card,bengaluru,karnataka,2026-08-15,delivered
100354,C0241,aman joshi,shampoo,beauty,10,520,25,upi,coimbatore,tamil nadu,2025-11-12,processing
100728,C0147,deepak kumar,tea 1kg,grocery,5,800,35,net banking,pune,maharashtra,2025-06-27,processing
100748,C0273,aman chaudhary,cooking oil 5l,grocery,9,690,10,upi,coimbatore,tamil nadu,2025-12-08,processing
100108,C0347,aman chaudhary,cricket bat,sports,9,6250,30,net banking,coimbatore,tamil nadu,2025-11-05,cancelled
100620,C0035,nandini gupta,football,sports,3,1580,10,net banking,lucknow,uttar pradesh,2025-05-14,shipped
100146,C0011,riya chaudhary,makeup kit,beauty,10,3520,30,upi,chennai,tamil nadu,2025-08-04,delivered
100223,C0124,tanvi chaudhary,coffee 500g,grocery,10,740,10,cash on delivery,mumbai,maharashtra,2025-07-23,delivered
100276,C0145,shreya saxena,dining table,furniture,8,15100,10,net banking,hyderabad,telangana,2025-12-26,delivered
100903,C0102,aditi patel,basmati rice 5kg,grocery,1,730,10,credit card,coimbatore,tamil nadu,2025-01-21,shipped
100171,C0220,vivaan pillai,makeup kit,beauty,7,4320,30,upi,kolkata,west bengal,2026-09-26,shipped
100437,C0248,nandini das,induction cooktop,home appliances,9,4550,5,cash on delivery,vijayawada,andhra pradesh,2025-03-07,delivered
100087,C0172,manish kapoor,study table,furniture,8,7560,35,credit card,pune,maharashtra,2025-11-30,cancelled
100159,C0144,priya bose,novel,books,10,560,12,net banking,hyderabad,telangana,2026-03-28,delivered
100391,C0145,shreya saxena,competitive exam guide,books,9,740,15,cash on delivery,delhi,delhi,2026-01-24,cancelled
100923,C0120,varun shetty,bookshelf,furniture,9,8900,0,cash on delivery,pune,maharashtra,2026-06-19,shipped
100947,C0317,kavya pandey,dumbbell set,sports,10,2650,15,cash on delivery,bengaluru,karnataka,2026-06-21,delivered
100086,C0219,rahul jain,cooking oil 5l,grocery,10,730,10,credit card,kolkata,west bengal,2025-09-22,processing
100271,C0245,ananya verma,makeup kit,beauty,8,3780,20,cash on delivery,lucknow,uttar pradesh,2025-05-23,cancelled
100386,C0057,swathi yadav,sofa,furniture,3,14280,5,net banking,delhi,delhi,2026-08-23,cancelled
100792,C0034,nandini kapoor,bookshelf,furniture,4,8520,20,credit card,hyderabad,telangana,2025-05-06,delivered
100863,C0299,vivaan chaudhary,dining table,furniture,3,31470,30,debit card,vijayawada,andhra pradesh,2025-05-31,processing
100881,C0061,arjun nair,shampoo,beauty,3,620,15,credit card,hyderabad,telangana,2025-03-27,delivered
100921,C0046,vikram iyer,hair serum,beauty,7,870,40,debit card,vijayawada,andhra pradesh,2025-07-23,shipped
100024,C0237,sanjay menon,saree,clothing,8,4810,15,debit card,chennai,tamil nadu,2025-09-09,delivered
100199,C0034,nandini kapoor,competitive exam guide,books,1,360,30,credit card,coimbatore,tamil nadu,2025-01-22,shipped
100263,C0037,nikhil patel,power bank,electronics,2,1810,0,upi,lucknow,uttar pradesh,2026-03-27,delivered
100295,C0274,akash jain,moisturizer,beauty,8,1100,10,cash on delivery,hyderabad,telangana,2026-03-03,delivered
100430,C0289,aditi mishra,sports bottle,sports,8,980,20,cash on delivery,vijayawada,andhra pradesh,2026-08-27,delivered
100523,C0240,meera yadav,makeup kit,beauty,7,1240,0,net banking,coimbatore,tamil nadu,2026-02-14,delivered
100784,C0076,neha reddy,laptop,electronics,5,74160,0,debit card,jaipur,rajasthan,2025-12-19,shipped
100493,C0149,manish pillai,office chair,furniture,4,3400,12,cash on delivery,mumbai,maharashtra,2025-01-20,processing
100638,C0271,deepak shetty,biography,books,6,310,20,net banking,mumbai,maharashtra,2026-05-26,processing
100805,C0339,deepak malhotra,saree,clothing,2,6470,20,debit card,hyderabad,telangana,2025-05-07,delivered
100929,C0233,aman bose,hair serum,beauty,10,1180,35,credit card,kolkata,west bengal,2025-12-06,delivered
100113,C0093,shreya singh,monitor,electronics,7,11270,12,cash on delivery,hyderabad,telangana,2025-12-22,processing
100453,C0069,sai malhotra,ceiling fan,home appliances,1,3280,25,debit card,vijayawada,andhra pradesh,2025-10-17,delivered
100497,C0273,aman chaudhary,cooking oil 5l,grocery,6,660,40,credit card,hyderabad,telangana,2025-05-18,delivered
100528,C0028,aditya naidu,face wash,beauty,8,390,35,debit card,bengaluru,karnataka,2025-03-02,processing
100635,C0204,pranav reddy,ceiling fan,home appliances,1,1770,5,cash on delivery,chennai,tamil nadu,2026-07-18,delivered
100644,C0243,swathi joshi,business book,books,9,380,20,credit card,delhi,delhi,2026-01-03,processing
100757,C0106,aman rao,hair serum,beauty,1,850,30,debit card,bengaluru,karnataka,2026-05-31,delivered
100916,C0205,abhinav rao,programming book,books,7,1180,35,net banking,hyderabad,telangana,2026-03-31,delivered
100454,C0303,nandini agarwal,basmati rice 5kg,grocery,2,570,35,net banking,kolkata,west bengal,2025-02-28,delivered
100631,C0300,meera reddy,programming book,books,4,760,25,debit card,mumbai,maharashtra,2026-06-11,delivered
100790,C0183,sakshi joshi,football,sports,3,1180,5,credit card,lucknow,uttar pradesh,2025-08-26,delivered
100995,C0263,siddharth kulkarni,kurta,clothing,4,2150,30,upi,vijayawada,andhra pradesh,2026-05-10,cancelled
100359,C0340,tanvi rao,smartphone,electronics,7,13900,35,cash on delivery,vijayawada,andhra pradesh,2026-05-15,shipped
100442,C0152,sakshi agarwal,football,sports,1,980,35,upi,hyderabad,telangana,2026-01-20,delivered
100571,C0273,aman chaudhary,running shoes,sports,8,6880,35,credit card,mumbai,maharashtra,2026-05-29,delivered
100608,C0081,abhinav gupta,sugar 5kg,grocery,1,450,20,credit card,hyderabad,telangana,2026-05-11,delivered
100648,C0230,siddharth iyer,air fryer,home appliances,6,11030,20,cash on delivery,vijayawada,andhra pradesh,2026-07-29,delivered
100874,C0062,lakshmi pillai,biography,books,2,430,30,debit card,coimbatore,tamil nadu,2025-05-24,cancelled
100992,C0053,anjali saxena,dining table,furniture,7,30100,35,credit card,jaipur,rajasthan,2026-04-18,delivered
100288,C0339,deepak malhotra,office chair,furniture,6,4850,25,cash on delivery,chennai,tamil nadu,2026-02-09,shipped
100665,C0054,neha shetty,yoga mat,sports,9,900,30,debit card,hyderabad,telangana,2025-03-03,delivered
100668,C0179,sai sharma,study table,furniture,5,6630,35,cash on delivery,lucknow,uttar pradesh,2025-11-29,delivered
100064,C0149,manish pillai,basmati rice 5kg,grocery,1,560,40,debit card,jaipur,rajasthan,2026-08-31,delivered
100964,C0019,aman tripathi,ceiling fan,home appliances,3,4950,35,debit card,jaipur,rajasthan,2026-06-04,delivered
100556,C0343,pooja jain,makeup kit,beauty,8,1450,15,net banking,kolkata,west bengal,2025-01-12,shipped
100050,C0045,harsh singh,sports shoes,clothing,5,5530,25,upi,vijayawada,andhra pradesh,2025-11-25,cancelled
100233,C0233,aman bose,sunscreen,beauty,5,740,40,debit card,pune,maharashtra,2026-01-21,shipped
100280,C0154,kavya reddy,perfume,beauty,2,3630,25,net banking,bengaluru,karnataka,2026-03-09,shipped
100753,C0177,ananya mishra,dry fruits pack,grocery,9,1260,0,net banking,vijayawada,andhra pradesh,2025-08-24,processing
100993,C0161,nandini tripathi,saree,clothing,5,5490,25,credit card,hyderabad,telangana,2026-03-18,shipped
100046,C0172,manish kapoor,perfume,beauty,3,3220,40,credit card,chennai,tamil nadu,2025-10-31,delivered
100431,C0111,nandini sharma,novel,books,10,470,0,cash on delivery,lucknow,uttar pradesh,2025-09-22,shipped
100642,C0153,ananya jain,air fryer,home appliances,2,4170,10,cash on delivery,lucknow,uttar pradesh,2026-01-01,delivered
100806,C0114,sai nair,coffee 500g,grocery,2,360,5,net banking,jaipur,rajasthan,2025-05-10,delivered
100156,C0176,meera joshi,t-shirt,clothing,7,990,35,cash on delivery,hyderabad,telangana,2026-09-12,shipped
100239,C0335,akash reddy,data science handbook,books,6,1070,5,cash on delivery,jaipur,rajasthan,2025-11-27,delivered
100498,C0009,keerthi naidu,sofa,furniture,6,52870,0,debit card,bengaluru,karnataka,2025-05-13,delivered
100678,C0086,kavya singh,ceiling fan,home appliances,1,2180,35,debit card,lucknow,uttar pradesh,2026-07-02,delivered
100960,C0102,aditi patel,induction cooktop,home appliances,4,2450,30,debit card,pune,maharashtra,2025-05-20,delivered
100068,C0131,neha singh,electric kettle,home appliances,7,2210,20,upi,mumbai,maharashtra,2026-04-04,delivered
100183,C0021,keerthi tripathi,data science handbook,books,9,1150,20,debit card,pune,maharashtra,2026-05-09,cancelled
100238,C0245,ananya verma,programming book,books,3,460,40,credit card,vijayawada,andhra pradesh,2026-07-05,delivered
100319,C0018,ananya yadav,spice combo,grocery,9,750,12,net banking,kolkata,west bengal,2026-05-19,shipped
100773,C0315,meera malhotra,study table,furniture,7,11310,40,debit card,pune,maharashtra,2026-02-25,delivered
100406,C0004,neha kumar,monitor,electronics,7,27080,25,debit card,mumbai,maharashtra,2025-06-04,shipped
100568,C0317,kavya pandey,yoga mat,sports,5,550,5,upi,delhi,delhi,2025-02-08,delivered
100761,C0020,aarav patel,bookshelf,furniture,7,7450,25,upi,pune,maharashtra,2026-01-01,delivered
100768,C0207,deepak saxena,atta 10kg,grocery,6,410,0,debit card,hyderabad,telangana,2026-01-22,delivered
100789,C0043,pranav menon,office chair,furniture,7,13560,35,credit card,mumbai,maharashtra,2025-09-17,delivered
100298,C0101,aman jain,programming book,books,5,1070,35,debit card,coimbatore,tamil nadu,2026-07-02,delivered
100513,C0300,meera reddy,vacuum cleaner,home appliances,4,7360,10,upi,bengaluru,karnataka,2026-08-27,shipped
100695,C0180,arjun agarwal,competitive exam guide,books,4,500,40,credit card,coimbatore,tamil nadu,2025-10-13,delivered
100182,C0324,rohan naidu,novel,books,1,370,5,upi,lucknow,uttar pradesh,2025-04-08,delivered
100398,C0283,nandini singh,novel,books,2,330,0,net banking,chennai,tamil nadu,2025-11-29,processing
100572,C0065,pranav agarwal,sugar 5kg,grocery,8,400,40,debit card,vijayawada,andhra pradesh,2025-05-11,delivered
100659,C0304,akash yadav,jacket,clothing,3,6960,40,upi,delhi,delhi,2026-09-13,processing
100716,C0238,aditya chopra,mixer grinder,home appliances,2,2960,20,upi,bengaluru,karnataka,2025-01-01,returned
100950,C0143,priya rao,business book,books,6,510,5,net banking,vijayawada,andhra pradesh,2025-05-17,shipped
100025,C0002,deepak jain,coffee 500g,grocery,7,610,20,cash on delivery,hyderabad,telangana,2026-09-01,delivered
100071,C0215,sai naidu,dining table,furniture,1,36490,15,debit card,lucknow,uttar pradesh,2025-02-24,shipped
100090,C0037,nikhil patel,business book,books,8,640,5,net banking,delhi,delhi,2025-09-12,delivered
100312,C0049,sakshi chopra,microwave oven,home appliances,6,16920,0,net banking,delhi,delhi,2025-06-16,delivered
100463,C0097,aditya chopra,monitor,electronics,1,15040,25,upi,mumbai,maharashtra,2025-12-08,delivered
100296,C0246,lakshmi agarwal,power bank,electronics,4,1830,0,debit card,coimbatore,tamil nadu,2026-05-09,delivered
100625,C0151,varun verma,sugar 5kg,grocery,9,390,25,upi,mumbai,maharashtra,2025-12-22,delivered
100859,C0268,keerthi iyer,running shoes,sports,8,3630,10,credit card,jaipur,rajasthan,2025-10-28,delivered
100888,C0162,siddharth kapoor,jacket,clothing,2,1800,35,cash on delivery,chennai,tamil nadu,2026-09-21,delivered
100161,C0266,divya chopra,sports shoes,clothing,6,3180,10,credit card,kolkata,west bengal,2026-07-29,delivered
100187,C0023,riya kapoor,face wash,beauty,4,480,40,net banking,bengaluru,karnataka,2025-01-18,delivered
100213,C0041,pooja reddy,bedside table,furniture,10,3290,5,debit card,delhi,delhi,2026-05-27,shipped
100352,C0344,aman jain,mechanical keyboard,electronics,6,4560,20,debit card,bengaluru,karnataka,2026-06-04,shipped
100579,C0228,diya tripathi,t-shirt,clothing,7,1140,30,cash on delivery,delhi,delhi,2025-01-31,delivered
100599,C0047,sneha mishra,biography,books,8,410,40,credit card,kolkata,west bengal,2026-04-02,processing
100689,C0147,deepak kumar,perfume,beauty,3,1850,15,cash on delivery,lucknow,uttar pradesh,2025-08-24,delivered
100718,C0193,sakshi shetty,microwave oven,home appliances,5,8720,40,debit card,mumbai,maharashtra,2025-09-13,delivered
100875,C0063,abhinav rao,sugar 5kg,grocery,6,240,30,cash on delivery,bengaluru,karnataka,2026-07-21,delivered
100981,C0229,keerthi tripathi,sports shoes,clothing,3,1520,10,upi,bengaluru,karnataka,2025-12-28,delivered
100091,C0103,rahul saxena,dining table,furniture,2,34530,25,net banking,mumbai,maharashtra,2025-04-06,delivered
100966,C0267,kavya malhotra,bookshelf,furniture,10,7650,10,credit card,lucknow,uttar pradesh,2025-10-09,returned
100127,C0264,siddharth mishra,dining table,furniture,8,32780,12,cash on delivery,hyderabad,telangana,2025-12-16,shipped
100002,C0042,arjun singh,t-shirt,clothing,6,680,5,debit card,chennai,tamil nadu,2025-08-03,delivered
100023,C0070,sneha chopra,face wash,beauty,6,290,20,debit card,lucknow,uttar pradesh,2026-03-24,shipped
100297,C0149,manish pillai,dry fruits pack,grocery,7,780,35,credit card,lucknow,uttar pradesh,2025-07-29,delivered
100345,C0062,lakshmi pillai,study table,furniture,2,13510,15,upi,hyderabad,telangana,2026-07-01,delivered
100650,C0234,tanvi chopra,office chair,furniture,2,11510,12,cash on delivery,vijayawada,andhra pradesh,2025-08-25,processing
100701,C0017,siddharth nair,competitive exam guide,books,10,660,12,net banking,lucknow,uttar pradesh,2025-09-09,delivered
100743,C0107,aditi kapoor,shampoo,beauty,9,680,40,net banking,kolkata,west bengal,2025-10-21,delivered
100936,C0146,diya joshi,hair serum,beauty,6,620,40,upi,vijayawada,andhra pradesh,2025-06-29,delivered
100246,C0349,tanvi reddy,saree,clothing,1,7670,5,cash on delivery,mumbai,maharashtra,2025-08-26,delivered
100346,C0023,riya kapoor,makeup kit,beauty,7,1540,40,net banking,pune,maharashtra,2026-03-28,delivered
100349,C0005,sakshi joshi,usb-c hub,electronics,9,2500,15,debit card,mumbai,maharashtra,2025-06-14,processing
100492,C0082,sanjay patel,data science handbook,books,3,1560,20,upi,bengaluru,karnataka,2025-06-29,delivered
100515,C0314,riya kumar,sunscreen,beauty,9,380,25,debit card,vijayawada,andhra pradesh,2026-03-21,delivered
100526,C0102,aditi patel,makeup kit,beauty,3,4420,15,upi,bengaluru,karnataka,2025-12-23,delivered
100586,C0316,aman das,makeup kit,beauty,6,2490,10,credit card,vijayawada,andhra pradesh,2026-08-30,shipped
100674,C0103,rahul saxena,novel,books,1,760,40,cash on delivery,delhi,delhi,2026-01-26,processing
100948,C0023,riya kapoor,electric kettle,home appliances,2,1110,35,debit card,bengaluru,karnataka,2025-10-12,delivered
100499,C0206,harsh pillai,bedside table,furniture,10,2580,10,cash on delivery,chennai,tamil nadu,2025-09-02,delivered
100576,C0265,pranav joshi,bedside table,furniture,9,3570,40,debit card,hyderabad,telangana,2026-03-23,processing
100686,C0334,akash saxena,air fryer,home appliances,4,4090,12,cash on delivery,jaipur,rajasthan,2025-01-15,delivered
100825,C0316,aman das,atta 10kg,grocery,4,500,15,upi,coimbatore,tamil nadu,2025-01-08,delivered
100902,C0260,aman kapoor,business book,books,5,1050,15,net banking,mumbai,maharashtra,2026-07-09,delivered
100118,C0037,nikhil patel,shampoo,beauty,6,820,30,credit card,mumbai,maharashtra,2026-09-09,returned
100432,C0330,deepak menon,hoodie,clothing,8,3540,40,cash on delivery,lucknow,uttar pradesh,2025-06-24,shipped
100464,C0180,arjun agarwal,bookshelf,furniture,9,10390,15,net banking,hyderabad,telangana,2025-07-24,shipped
100649,C0266,divya chopra,tea 1kg,grocery,3,680,10,cash on delivery,jaipur,rajasthan,2026-08-01,delivered
100657,C0327,diya joshi,air fryer,home appliances,5,8420,10,debit card,pune,maharashtra,2026-01-01,shipped
100705,C0298,ananya iyer,sports bottle,sports,5,960,20,upi,bengaluru,karnataka,2025-08-17,delivered
100740,C0316,aman das,dining table,furniture,2,44590,5,credit card,hyderabad,telangana,2025-05-13,processing
100022,C0271,deepak shetty,novel,books,3,310,12,debit card,hyderabad,telangana,2026-09-08,delivered
100588,C0228,diya tripathi,bookshelf,furniture,4,11260,40,credit card,mumbai,maharashtra,2026-08-09,cancelled
100177,C0072,arjun sharma,ceiling fan,home appliances,7,3920,30,cash on delivery,vijayawada,andhra pradesh,2026-01-18,delivered
100385,C0145,shreya saxena,dry fruits pack,grocery,7,1520,10,credit card,hyderabad,telangana,2026-02-13,delivered
100418,C0235,varun kapoor,programming book,books,3,1190,35,debit card,hyderabad,telangana,2025-01-16,delivered
100529,C0081,abhinav gupta,sports bottle,sports,8,1190,0,credit card,bengaluru,karnataka,2025-03-11,shipped
100630,C0082,sanjay patel,competitive exam guide,books,1,420,25,cash on delivery,delhi,delhi,2026-01-15,shipped
100661,C0293,akash pillai,jacket,clothing,4,6190,12,cash on delivery,lucknow,uttar pradesh,2025-12-10,delivered
100889,C0056,sanjay shetty,face wash,beauty,3,470,20,credit card,hyderabad,telangana,2026-02-25,delivered
100341,C0248,nandini das,sunscreen,beauty,7,710,5,cash on delivery,bengaluru,karnataka,2026-02-19,shipped
100361,C0063,abhinav rao,vacuum cleaner,home appliances,2,4070,20,credit card,lucknow,uttar pradesh,2025-11-04,delivered
100670,C0167,kavya chaudhary,biography,books,7,620,12,cash on delivery,mumbai,maharashtra,2025-06-06,delivered
100933,C0304,akash yadav,novel,books,8,430,40,debit card,chennai,tamil nadu,2025-11-12,delivered
100956,C0004,neha kumar,novel,books,5,760,12,credit card,vijayawada,andhra pradesh,2025-09-26,delivered
100111,C0198,nandini mehta,laptop,electronics,5,54330,25,debit card,vijayawada,andhra pradesh,2025-11-02,cancelled
100149,C0320,lakshmi rao,football,sports,1,1400,30,upi,bengaluru,karnataka,2025-04-09,delivered
100428,C0012,keerthi chaudhary,running shoes,sports,5,6850,0,net banking,kolkata,west bengal,2025-05-22,delivered
100027,C0310,sakshi bose,jeans,clothing,8,2960,12,debit card,hyderabad,telangana,2026-07-01,shipped
100136,C0218,rohan pandey,usb-c hub,electronics,7,2710,15,net banking,bengaluru,karnataka,2026-09-04,delivered
100216,C0246,lakshmi agarwal,dining table,furniture,8,24180,5,upi,coimbatore,tamil nadu,2026-01-09,delivered
100417,C0166,riya mishra,laptop,electronics,9,44500,0,credit card,mumbai,maharashtra,2026-05-31,delivered
100128,C0249,priya patel,spice combo,grocery,3,350,20,net banking,coimbatore,tamil nadu,2025-05-06,delivered
100351,C0197,lakshmi das,competitive exam guide,books,10,970,12,net banking,bengaluru,karnataka,2026-01-28,delivered
100557,C0145,shreya saxena,induction cooktop,home appliances,9,3450,10,net banking,jaipur,rajasthan,2025-01-19,cancelled
100769,C0053,anjali saxena,dumbbell set,sports,2,5240,30,upi,hyderabad,telangana,2025-02-11,shipped
100320,C0111,nandini sharma,jacket,clothing,2,3590,10,upi,vijayawada,andhra pradesh,2025-09-16,delivered
100367,C0078,aditi patel,sports bottle,sports,10,1170,35,debit card,delhi,delhi,2025-10-04,delivered
100468,C0172,manish kapoor,atta 10kg,grocery,4,740,10,net banking,lucknow,uttar pradesh,2026-09-09,delivered
100061,C0081,abhinav gupta,sunscreen,beauty,10,960,35,debit card,coimbatore,tamil nadu,2025-08-02,processing
100085,C0199,pooja reddy,jacket,clothing,7,6990,20,debit card,vijayawada,andhra pradesh,2025-02-10,delivered
100683,C0332,meera agarwal,usb-c hub,electronics,9,4900,25,credit card,kolkata,west bengal,2025-01-14,delivered
100738,C0005,sakshi joshi,competitive exam guide,books,2,660,35,upi,vijayawada,andhra pradesh,2026-03-01,shipped
100760,C0144,priya bose,spice combo,grocery,1,610,25,debit card,chennai,tamil nadu,2025-11-19,delivered
100815,C0092,ananya kulkarni,competitive exam guide,books,7,460,20,cash on delivery,lucknow,uttar pradesh,2025-03-20,processing
100833,C0037,nikhil patel,smartphone,electronics,7,17190,40,net banking,chennai,tamil nadu,2025-12-18,delivered
100897,C0086,kavya singh,monitor,electronics,7,28140,10,cash on delivery,vijayawada,andhra pradesh,2026-05-15,delivered
100042,C0030,sneha nair,running shoes,sports,1,5340,25,upi,delhi,delhi,2025-11-04,delivered
100639,C0105,swathi gupta,data science handbook,books,7,1190,40,upi,delhi,delhi,2025-12-12,delivered
100807,C0337,nikhil joshi,monitor,electronics,9,19460,12,net banking,vijayawada,andhra pradesh,2025-03-27,delivered
100224,C0062,lakshmi pillai,usb-c hub,electronics,9,1140,5,cash on delivery,vijayawada,andhra pradesh,2025-02-27,delivered
100229,C0052,rahul kapoor,business book,books,7,480,20,cash on delivery,mumbai,maharashtra,2026-03-20,shipped
100466,C0294,sai kumar,office chair,furniture,6,13180,12,upi,lucknow,uttar pradesh,2025-05-01,delivered
100741,C0308,diya patel,vacuum cleaner,home appliances,5,9090,20,credit card,chennai,tamil nadu,2026-07-18,delivered
100799,C0211,meera chopra,mixer grinder,home appliances,5,3870,10,credit card,coimbatore,tamil nadu,2025-04-02,delivered
100814,C0124,tanvi chaudhary,electric kettle,home appliances,7,1660,40,net banking,mumbai,maharashtra,2025-08-22,delivered
100821,C0077,isha iyer,cricket bat,sports,9,4160,15,cash on delivery,jaipur,rajasthan,2026-02-04,delivered
100830,C0087,akash kulkarni,tea 1kg,grocery,10,450,5,net banking,delhi,delhi,2026-03-28,delivered
100839,C0032,anjali kumar,cricket bat,sports,10,2120,35,cash on delivery,lucknow,uttar pradesh,2025-11-30,delivered
100434,C0149,manish pillai,sugar 5kg,grocery,1,230,35,cash on delivery,kolkata,west bengal,2026-06-06,returned
100313,C0220,vivaan pillai,hair serum,beauty,7,880,35,upi,lucknow,uttar pradesh,2025-07-20,delivered
100357,C0147,deepak kumar,badminton racket,sports,1,1740,40,cash on delivery,hyderabad,telangana,2025-01-19,delivered
100383,C0168,arjun mehta,study table,furniture,3,10890,35,credit card,hyderabad,telangana,2025-10-17,shipped
100742,C0313,sai das,atta 10kg,grocery,2,630,25,upi,bengaluru,karnataka,2026-02-16,delivered
100764,C0327,diya joshi,yoga mat,sports,10,630,5,debit card,delhi,delhi,2025-04-09,cancelled
100862,C0042,arjun singh,air fryer,home appliances,8,7830,40,debit card,coimbatore,tamil nadu,2026-06-16,delivered
100876,C0157,harsh iyer,sports shoes,clothing,1,2000,40,net banking,hyderabad,telangana,2026-07-02,delivered
100283,C0004,neha kumar,cooking oil 5l,grocery,9,790,10,debit card,jaipur,rajasthan,2025-04-22,cancelled
100565,C0141,varun agarwal,air fryer,home appliances,3,4590,15,net banking,bengaluru,karnataka,2025-08-16,shipped
100730,C0200,isha singh,cooking oil 5l,grocery,1,720,15,upi,vijayawada,andhra pradesh,2026-01-22,shipped
100811,C0292,riya naidu,competitive exam guide,books,9,430,5,debit card,bengaluru,karnataka,2026-04-26,processing
100820,C0241,aman joshi,bookshelf,furniture,9,3060,40,debit card,kolkata,west bengal,2025-01-02,delivered
100994,C0085,aarav agarwal,sofa,furniture,3,29860,35,net banking,lucknow,uttar pradesh,2026-02-09,delivered
100321,C0192,divya sharma,badminton racket,sports,9,3020,20,cash on delivery,kolkata,west bengal,2026-01-15,cancelled
100452,C0261,manish tripathi,dumbbell set,sports,5,6660,25,cash on delivery,delhi,delhi,2026-08-22,cancelled
100551,C0108,sanjay kumar,wireless mouse,electronics,2,2250,12,upi,coimbatore,tamil nadu,2025-01-09,delivered
100714,C0248,nandini das,smartphone,electronics,8,13720,12,debit card,chennai,tamil nadu,2026-09-27,cancelled
100785,C0222,divya sharma,mechanical keyboard,electronics,5,5060,15,net banking,chennai,tamil nadu,2025-04-26,delivered
100944,C0101,aman jain,air fryer,home appliances,6,9980,40,upi,kolkata,west bengal,2025-06-13,delivered
100032,C0060,arjun patel,induction cooktop,home appliances,3,3520,10,debit card,mumbai,maharashtra,2025-06-30,delivered
100055,C0270,pranav iyer,dry fruits pack,grocery,7,930,12,cash on delivery,coimbatore,tamil nadu,2026-08-20,delivered
100120,C0216,lakshmi das,induction cooktop,home appliances,7,4590,10,net banking,hyderabad,telangana,2025-09-17,returned
100195,C0232,keerthi kulkarni,yoga mat,sports,3,890,30,upi,bengaluru,karnataka,2026-06-28,delivered
100304,C0048,divya iyer,makeup kit,beauty,5,2830,12,debit card,bengaluru,karnataka,2025-04-04,delivered
100248,C0176,meera joshi,mechanical keyboard,electronics,10,6330,40,net banking,mumbai,maharashtra,2025-09-26,delivered
100256,C0216,lakshmi das,cooking oil 5l,grocery,5,1000,10,net banking,lucknow,uttar pradesh,2026-05-07,delivered
100546,C0025,deepak gupta,hoodie,clothing,10,1320,12,cash on delivery,vijayawada,andhra pradesh,2025-11-14,processing
100629,C0184,aman joshi,office chair,furniture,9,0,15,credit card,hyderabad,telangana,2025-03-28,delivered
100653,C0152,sakshi agarwal,sports shoes,clothing,2,1910,10,debit card,kolkata,west bengal,2025-10-13,processing
100780,C0235,varun kapoor,office chair,furniture,0,15610,0,credit card,lucknow,uttar pradesh,2025-02-22,delivered
100965,C0240,meera yadav,bookshelf,furniture,6,3040,40,debit card,mumbai,maharashtra,2026-02-23,delivered
100103,C0182,sakshi naidu,office chair,furniture,2,14350,25,upi,mumbai,maharashtra,2025-03-08,processing
100117,C0130,aman saxena,dumbbell set,sports,8,2360,5,cash on delivery,kolkata,west bengal,2025-08-04,shipped
100617,C0107,aditi kapoor,dining table,furniture,7,23750,30,debit card,mumbai,maharashtra,2025-03-02,processing
100126,C0347,aman chaudhary,running shoes,sports,4,4040,15,net banking,mumbai,maharashtra,2026-09-09,delivered
100210,C0314,riya kumar,vacuum cleaner,home appliances,8,14410,0,credit card,pune,maharashtra,2026-01-13,delivered
100234,C0330,deepak menon,power bank,electronics,6,2250,12,upi,bengaluru,karnataka,2025-08-08,delivered
100782,C0327,diya joshi,tea 1kg,grocery,6,360,5,upi,bengaluru,karnataka,2025-10-14,delivered
100301,C0347,aman chaudhary,formal shirt,clothing,10,1010,10,credit card,kolkata,west bengal,2025-04-29,processing
100673,C0131,neha singh,hair serum,beauty,6,780,40,upi,mumbai,maharashtra,2025-12-31,delivered
100688,C0282,siddharth malhotra,programming book,books,5,980,15,debit card,pune,maharashtra,2026-02-11,delivered
100913,C0271,deepak shetty,jeans,clothing,6,3300,20,debit card,delhi,delhi,2026-05-07,cancelled
100958,C0331,varun reddy,power bank,electronics,4,3250,30,cash on delivery,mumbai,maharashtra,2026-06-18,delivered
100308,C0311,divya shetty,ceiling fan,home appliances,9,3270,25,cash on delivery,vijayawada,andhra pradesh,2026-09-28,delivered
100368,C0007,sai mishra,electric kettle,home appliances,6,2320,0,upi,coimbatore,tamil nadu,2025-08-25,shipped
100445,C0143,priya rao,coffee 500g,grocery,2,430,20,net banking,jaipur,rajasthan,2025-01-21,delivered
100029,C0044,varun das,microwave oven,home appliances,4,7450,40,cash on delivery,vijayawada,andhra pradesh,2026-09-17,delivered
100379,C0350,kavya bose,office chair,furniture,5,15000,20,credit card,coimbatore,tamil nadu,2026-09-12,returned
100632,C0050,tanvi patel,bedside table,furniture,8,2470,35,credit card,bengaluru,karnataka,2025-11-10,shipped
100733,C0041,pooja reddy,competitive exam guide,books,9,980,25,debit card,jaipur,rajasthan,2025-09-27,delivered
100843,C0131,neha singh,dumbbell set,sports,3,5050,15,credit card,hyderabad,telangana,2026-09-16,delivered
100245,C0202,neha pandey,face wash,beauty,7,280,20,net banking,jaipur,rajasthan,2025-03-07,shipped
100311,C0113,neha sharma,dumbbell set,sports,2,5490,15,cash on delivery,kolkata,west bengal,2026-06-04,processing
100848,C0041,pooja reddy,cooking oil 5l,grocery,3,730,25,debit card,coimbatore,tamil nadu,2025-05-06,shipped
100861,C0338,vivaan patel,spice combo,grocery,8,600,35,net banking,bengaluru,karnataka,2026-03-21,shipped
100991,C0037,nikhil patel,sugar 5kg,grocery,9,250,15,credit card,bengaluru,karnataka,2025-11-01,returned
100072,C0211,meera chopra,competitive exam guide,books,9,770,20,credit card,jaipur,rajasthan,2026-06-30,delivered
100191,C0244,shreya rao,laptop,electronics,7,68020,12,net banking,pune,maharashtra,2025-04-03,processing
100502,C0068,vikram yadav,induction cooktop,home appliances,2,5040,25,debit card,jaipur,rajasthan,2025-03-11,cancelled
100590,C0159,riya rao,running shoes,sports,3,3030,30,debit card,mumbai,maharashtra,2025-03-13,delivered
100968,C0073,abhinav kulkarni,wireless mouse,electronics,5,1640,12,upi,lucknow,uttar pradesh,2025-03-19,shipped
100039,C0165,aditi chopra,formal shirt,clothing,6,1320,12,upi,hyderabad,telangana,2025-05-16,delivered
100107,C0133,vikram reddy,makeup kit,beauty,2,2910,0,credit card,chennai,tamil nadu,2026-06-11,delivered
100277,C0303,nandini agarwal,competitive exam guide,books,8,880,15,credit card,hyderabad,telangana,2026-01-29,delivered
100292,C0054,neha shetty,vacuum cleaner,home appliances,8,6920,0,upi,pune,maharashtra,2026-08-30,cancelled
100324,C0195,tanvi gupta,sunscreen,beauty,1,470,40,debit card,bengaluru,karnataka,2025-11-27,returned
100549,C0251,akash kulkarni,tea 1kg,grocery,1,380,10,credit card,jaipur,rajasthan,2025-10-29,delivered
100560,C0278,vikram malhotra,t-shirt,clothing,5,960,30,debit card,lucknow,uttar pradesh,2025-10-14,delivered
100143,C0184,aman joshi,football,sports,0,1030,15,debit card,coimbatore,tamil nadu,2025-11-26,delivered
100451,C0070,sneha chopra,makeup kit,beauty,1,3770,0,credit card,jaipur,rajasthan,2025-12-14,shipped
100478,C0029,kavya sharma,ceiling fan,home appliances,2,3060,12,cash on delivery,vijayawada,andhra pradesh,2025-06-19,delivered
100548,C0162,siddharth kapoor,business book,books,5,690,25,credit card,hyderabad,telangana,2025-08-09,shipped
100138,C0123,divya naidu,yoga mat,sports,8,950,10,net banking,jaipur,rajasthan,2025-10-13,processing
100696,C0019,aman tripathi,jacket,clothing,5,6400,12,cash on delivery,vijayawada,andhra pradesh,2026-03-07,delivered
100262,C0348,keerthi rao,dry fruits pack,grocery,8,880,5,debit card,coimbatore,tamil nadu,2025-07-23,delivered
100325,C0250,karthik patel,football,sports,7,1020,40,upi,bengaluru,karnataka,2025-12-21,delivered
100440,C0106,aman rao,perfume,beauty,5,4480,30,cash on delivery,vijayawada,andhra pradesh,2025-02-07,shipped
100573,C0340,tanvi rao,perfume,beauty,3,2600,25,cash on delivery,hyderabad,telangana,2026-03-09,cancelled
100646,C0186,sai bose,vacuum cleaner,home appliances,10,17990,20,net banking,kolkata,west bengal,2026-08-02,shipped
100685,C0249,priya patel,running shoes,sports,1,2640,0,upi,vijayawada,andhra pradesh,2025-11-05,delivered
100710,C0110,anjali joshi,usb-c hub,electronics,9,3230,35,credit card,chennai,tamil nadu,2025-11-20,delivered
100008,C0124,tanvi chaudhary,dining table,furniture,6,25970,40,cash on delivery,delhi,delhi,2025-09-25,delivered
100144,C0136,aman nair,moisturizer,beauty,4,1150,40,cash on delivery,hyderabad,telangana,2025-03-31,returned
100278,C0254,pooja nair,usb-c hub,electronics,9,3940,0,upi,jaipur,rajasthan,2025-02-05,processing
100378,C0201,sakshi tripathi,atta 10kg,grocery,3,400,25,credit card,lucknow,uttar pradesh,2026-09-18,delivered
100535,C0109,ananya joshi,office chair,furniture,2,4080,15,net banking,vijayawada,andhra pradesh,2025-06-18,delivered
100818,C0221,nikhil reddy,running shoes,sports,4,6110,20,cash on delivery,delhi,delhi,2025-07-17,returned
100963,C0115,siddharth saxena,ceiling fan,home appliances,8,3820,0,upi,pune,maharashtra,2025-10-10,delivered
100998,C0087,akash kulkarni,business book,books,10,990,0,net banking,delhi,delhi,2025-10-05,delivered
100240,C0187,siddharth menon,sofa,furniture,10,52320,0,net banking,delhi,delhi,2025-04-02,delivered
100309,C0295,lakshmi pillai,office chair,furniture,9,7900,12,credit card,bengaluru,karnataka,2025-12-13,delivered
100510,C0016,neha patel,monitor,electronics,8,17390,20,credit card,lucknow,uttar pradesh,2025-12-03,delivered
100205,C0242,karthik chaudhary,biography,books,1,560,40,net banking,jaipur,rajasthan,2025-10-31,shipped
100302,C0179,sai sharma,basmati rice 5kg,grocery,8,650,35,net banking,kolkata,west bengal,2026-08-13,delivered
100503,C0312,aarav kulkarni,wireless mouse,electronics,9,1050,20,debit card,delhi,delhi,2025-02-08,cancelled
100522,C0288,arjun saxena,jeans,clothing,1,3030,20,cash on delivery,kolkata,west bengal,2025-03-15,delivered
100647,C0234,tanvi chopra,sports shoes,clothing,3,1500,20,cash on delivery,chennai,tamil nadu,2025-12-15,delivered
100978,C0289,aditi mishra,novel,books,10,420,40,upi,pune,maharashtra,2025-01-26,processing
100408,C0096,manish gupta,atta 10kg,grocery,9,460,12,net banking,lucknow,uttar pradesh,2025-05-15,delivered
100763,C0275,aditya mehta,hoodie,clothing,1,1380,12,credit card,vijayawada,andhra pradesh,2025-04-22,returned
100697,C0278,vikram malhotra,sugar 5kg,grocery,1,400,30,net banking,lucknow,uttar pradesh,2026-07-25,shipped
100787,C0312,aarav kulkarni,sofa,furniture,1,22810,15,cash on delivery,kolkata,west bengal,2026-01-27,delivered
100976,C0078,aditi patel,cooking oil 5l,grocery,1,940,20,debit card,pune,maharashtra,2025-11-19,delivered
100129,C0304,akash yadav,vacuum cleaner,home appliances,10,12200,12,credit card,hyderabad,telangana,2026-09-30,shipped
100206,C0053,anjali saxena,shampoo,beauty,7,860,0,net banking,jaipur,rajasthan,2026-02-15,shipped
100533,C0299,vivaan chaudhary,novel,books,9,740,15,net banking,chennai,tamil nadu,2026-05-28,delivered
100828,C0012,keerthi chaudhary,hair serum,beauty,7,1070,10,credit card,delhi,delhi,2025-03-31,delivered
100867,C0321,pranav sharma,spice combo,grocery,10,600,40,credit card,lucknow,uttar pradesh,2025-09-24,delivered
100937,C0039,siddharth reddy,laptop,electronics,4,59350,12,net banking,vijayawada,andhra pradesh,2026-05-21,delivered
100479,C0110,anjali joshi,saree,clothing,4,1650,35,credit card,hyderabad,telangana,2025-11-07,delivered
100083,C0328,riya iyer,study table,furniture,10,17860,10,upi,jaipur,rajasthan,2026-06-01,processing
100547,C0231,varun kumar,laptop,electronics,1,81010,10,net banking,hyderabad,telangana,2025-08-04,delivered
100840,C0253,karthik mehta,face wash,beauty,4,400,10,upi,bengaluru,karnataka,2026-07-13,cancelled
100056,C0246,lakshmi agarwal,air fryer,home appliances,3,10240,30,upi,hyderabad,telangana,2026-01-20,shipped
100212,C0234,tanvi chopra,ceiling fan,home appliances,2,1860,15,upi,kolkata,west bengal,2025-02-18,shipped
100395,C0226,priya bose,t-shirt,clothing,3,1480,12,credit card,mumbai,maharashtra,2025-05-05,shipped
100184,C0137,riya kapoor,bookshelf,furniture,10,11920,30,debit card,chennai,tamil nadu,2025-05-04,shipped
100946,C0345,keerthi yadav,electric kettle,home appliances,5,1150,30,debit card,coimbatore,tamil nadu,2025-01-28,processing
100059,C0167,kavya chaudhary,sofa,furniture,1,45850,40,cash on delivery,kolkata,west bengal,2026-09-19,processing
100272,C0295,lakshmi pillai,t-shirt,clothing,1,1560,15,credit card,coimbatore,tamil nadu,2025-04-26,delivered
100474,C0263,siddharth kulkarni,novel,books,4,420,30,net banking,pune,maharashtra,2026-01-02,cancelled
100543,C0010,shreya agarwal,makeup kit,beauty,3,2610,40,debit card,hyderabad,telangana,2026-04-10,shipped
100631,C0157,harsh iyer,induction cooktop,home appliances,6,4000,40,net banking,hyderabad,telangana,2025-06-23,shipped
100720,C0230,siddharth iyer,monitor,electronics,4,19770,20,debit card,chennai,tamil nadu,2025-04-10,delivered
100796,C0163,sanjay singh,tea 1kg,grocery,10,530,20,net banking,lucknow,uttar pradesh,2025-01-30,returned
100347,C0339,deepak malhotra,shampoo,beauty,9,860,25,net banking,chennai,tamil nadu,2026-02-15,delivered
100520,C0011,riya chaudhary,study table,furniture,1,5650,15,cash on delivery,bengaluru,karnataka,2026-09-19,returned
100534,C0271,deepak shetty,wireless mouse,electronics,8,970,25,cash on delivery,coimbatore,tamil nadu,2025-03-04,delivered
100643,C0149,manish pillai,tea 1kg,grocery,5,580,30,cash on delivery,coimbatore,tamil nadu,2025-05-16,processing
100749,C0190,harsh patel,formal shirt,clothing,1,1840,25,cash on delivery,vijayawada,andhra pradesh,2025-06-24,delivered
100762,C0220,vivaan pillai,makeup kit,beauty,7,3470,10,cash on delivery,bengaluru,karnataka,2026-05-25,delivered
100827,C0247,neha chaudhary,makeup kit,beauty,10,1790,25,debit card,delhi,delhi,2025-10-09,delivered
100125,C0215,sai naidu,sugar 5kg,grocery,4,410,30,debit card,hyderabad,telangana,2025-09-17,returned
100338,C0173,nandini patel,sunscreen,beauty,6,1090,5,debit card,chennai,tamil nadu,2025-06-21,returned
100519,C0001,meera mishra,makeup kit,beauty,8,2300,12,upi,chennai,tamil nadu,2025-04-23,processing
100788,C0007,sai mishra,basmati rice 5kg,grocery,1,650,40,net banking,kolkata,west bengal,2026-05-03,delivered
100879,C0123,divya naidu,coffee 500g,grocery,8,320,25,upi,mumbai,maharashtra,2026-06-18,delivered
100959,C0253,karthik mehta,dining table,furniture,2,35480,15,cash on delivery,bengaluru,karnataka,2026-04-08,shipped
100015,C0025,deepak gupta,shampoo,beauty,6,260,10,net banking,pune,maharashtra,2026-06-30,shipped
100826,C0200,isha singh,sports shoes,clothing,8,6220,35,credit card,chennai,tamil nadu,2026-07-03,delivered
100984,C0046,vikram iyer,t-shirt,clothing,6,1570,20,upi,kolkata,west bengal,2026-09-22,cancelled
100180,C0057,swathi yadav,face wash,beauty,6,250,12,upi,pune,maharashtra,2025-05-04,delivered
100401,C0100,riya reddy,cricket bat,sports,3,3730,20,net banking,jaipur,rajasthan,2026-05-21,shipped
100419,C0165,aditi chopra,sofa,furniture,7,50370,15,net banking,lucknow,uttar pradesh,2026-01-09,delivered
100704,C0158,deepak pandey,moisturizer,beauty,1,1010,30,debit card,kolkata,west bengal,2025-05-12,processing
100779,C0340,tanvi rao,vacuum cleaner,home appliances,6,13700,40,net banking,lucknow,uttar pradesh,2025-07-01,shipped
100241,C0343,pooja jain,study table,furniture,10,6570,35,net banking,hyderabad,telangana,2026-06-01,returned
100290,C0010,shreya agarwal,vacuum cleaner,home appliances,5,12740,35,net banking,lucknow,uttar pradesh,2026-07-26,delivered
100446,C0138,pranav joshi,kurta,clothing,1,750,20,upi,jaipur,rajasthan,2025-01-15,shipped
100496,C0020,aarav patel,basmati rice 5kg,grocery,1,520,15,net banking,pune,maharashtra,2025-10-07,delivered
100645,C0135,anjali kapoor,sunscreen,beauty,6,420,25,debit card,vijayawada,andhra pradesh,2026-02-02,returned
100986,C0233,aman bose,makeup kit,beauty,5,2570,5,credit card,chennai,tamil nadu,2025-07-02,delivered
100251,C0078,aditi patel,study table,furniture,6,9520,15,credit card,mumbai,maharashtra,2025-07-21,delivered
100711,C0083,ananya singh,induction cooktop,home appliances,1,2160,10,credit card,kolkata,west bengal,2025-03-31,delivered
100712,C0295,lakshmi pillai,spice combo,grocery,1,710,10,upi,kolkata,west bengal,2026-08-09,delivered
100342,C0221,,study table,furniture,8,17790,12,net banking,vijayawada,andhra pradesh,2025-11-10,processing
100051,C0180,arjun agarwal,novel,books,7,710,15,,mumbai,maharashtra,2026-07-02,delivered
100435,C0111,nandini sharma,yoga mat,sports,10,1150,15,credit card,,telangana,2025-10-17,processing
100615,C0200,isha singh,basmati rice 5kg,grocery,5,610,40,credit card,,delhi,2025-07-16,delivered
100702,C0257,,saree,clothing,8,2550,10,net banking,jaipur,rajasthan,2025-08-15,processing
100804,C0185,sai patel,sofa,furniture,1,31430,35,,mumbai,maharashtra,2026-06-03,delivered
100621,C0236,siddharth verma,atta 10kg,grocery,1,470,5,credit card,,maharashtra,2025-03-31,delivered
100380,C0212,sneha kulkarni,electric kettle,home appliances,3,1790,20,cash on delivery,,rajasthan,2025-05-13,delivered
100514,C0137,,ceiling fan,home appliances,2,3320,20,debit card,kolkata,west bengal,2026-08-03,returned
100236,C0220,vivaan pillai,induction cooktop,home appliances,5,4230,30,,bengaluru,karnataka,2026-09-21,delivered
100892,C0291,varun pillai,coffee 500g,grocery,2,780,15,net banking,,karnataka,2026-04-17,shipped
100961,C0148,priya jain,hoodie,clothing,5,3840,20,upi,,andhra pradesh,2025-07-07,delivered
100286,C0224,,sports bottle,sports,5,530,40,net banking,mumbai,maharashtra,2026-06-05,shipped
100178,C0078,aditi patel,usb-c hub,electronics,10,1640,10,,kolkata,west bengal,2026-08-04,returned
100439,C0211,meera chopra,competitive exam guide,books,7,400,12,,chennai,tamil nadu,2025-02-15,delivered
100598,C0066,,yoga mat,sports,4,1140,25,upi,chennai,tamil nadu,2026-05-12,returned
100328,C0332,meera agarwal,yoga mat,sports,7,1260,15,,pune,maharashtra,2026-01-26,delivered
100613,C0199,pooja reddy,programming book,books,8,830,5,credit card,,karnataka,2026-07-03,shipped
100344,C0049,,moisturizer,beauty,3,330,5,credit card,mumbai,maharashtra,2025-02-15,delivered
100013,C0196,,competitive exam guide,books,3,660,12,credit card,chennai,tamil nadu,2025-08-16,delivered
100706,C0039,,sports bottle,sports,5,1200,35,credit card,kolkata,west bengal,2026-03-29,delivered
100340,C0122,abhinav yadav,t-shirt,clothing,6,1630,40,,bengaluru,karnataka,2025-04-19,delivered
100845,C0337,nikhil joshi,football,sports,5,2130,0,net banking,,karnataka,2025-03-26,delivered
100536,C0234,tanvi chopra,electric kettle,home appliances,10,1330,10,,hyderabad,telangana,2025-12-22,processing
100809,C0083,,bookshelf,furniture,7,8730,35,upi,mumbai,maharashtra,2026-02-02,delivered
100266,C0181,,tea 1kg,grocery,6,370,10,credit card,hyderabad,telangana,2026-01-20,shipped
